Source,Target,Score,Label
dawhim1,newsweek,125,OTHER
ivytea,newsweek,51,OTHER
newsweek,newsweek,14,OTHER
GunnerSince02,newsweek,24,OTHER
matt_si,newsweek,3,OTHER
SquarebobSpongepants,newsweek,3,OTHER
E-Scooter-CWIS,newsweek,21,OTHER
rasmuseriksen,newsweek,7,OTHER
fedroxx,newsweek,12,OTHER
YashaAstora,newsweek,6,OTHER
Euphoric-Pool-7078,newsweek,5,OTHER
AutoModerator,newsweek,1,OTHER
Gromchy,newsweek,1,OTHER
Dazzling_Intern9456,newsweek,1,OTHER
BigChicken8666,newsweek,1,OTHER
awake283,newsweek,0,OTHER
revbfc,newsweek,1,OTHER
hd_marketing,MichaelLee518,62,POLITICAL
uniyk,MichaelLee518,79,POLITICAL
AutoModerator,MichaelLee518,11,POLITICAL
Frostivus,MichaelLee518,54,POLITICAL
BlortTrolb,MichaelLee518,10,POLITICAL
bruticuslee,MichaelLee518,5,POLITICAL
ivytea,MichaelLee518,25,POLITICAL
Thrills-n-Frills,MichaelLee518,20,POLITICAL
swentech,MichaelLee518,5,POLITICAL
No-Part-5159,MichaelLee518,10,POLITICAL
Weekly_One1388,MichaelLee518,7,POLITICAL
MrWFL,MichaelLee518,3,POLITICAL
commanche_00,MichaelLee518,6,POLITICAL
AskALettuce,MichaelLee518,5,POLITICAL
Virtual-Instance-898,MichaelLee518,2,POLITICAL
Rampaging_Bunny,MichaelLee518,4,POLITICAL
E-Scooter-CWIS,MichaelLee518,2,POLITICAL
SunnySaigon,MichaelLee518,2,POLITICAL
MMAX110,MichaelLee518,2,POLITICAL
16F33,MichaelLee518,2,POLITICAL
truthteller23413,MichaelLee518,1,POLITICAL
WestSoCoast,MichaelLee518,1,POLITICAL
voodoo8686,MichaelLee518,1,POLITICAL
lobotomy42,MichaelLee518,1,POLITICAL
Elegant_Opinion_7088,MichaelLee518,1,POLITICAL
Informal_Air_5026,MichaelLee518,1,POLITICAL
HumanYoung7896,MichaelLee518,1,POLITICAL
kullwarrior,MichaelLee518,1,POLITICAL
owenzane,MichaelLee518,0,POLITICAL
moa_rider,MichaelLee518,0,POLITICAL
intelektualas,MichaelLee518,1,POLITICAL
petereddit6635,MichaelLee518,2,POLITICAL
Humacti,MichaelLee518,5,POLITICAL
SnapySapy,MichaelLee518,7,POLITICAL
vonhugenshlong,MichaelLee518,0,POLITICAL
Kuzuma_MA,MichaelLee518,0,POLITICAL
Prize-Salamander2744,MichaelLee518,0,POLITICAL
xjpmhxjo,MichaelLee518,0,POLITICAL
scaur,MichaelLee518,0,POLITICAL
Alternative-End-8888,MichaelLee518,0,POLITICAL
lambdeer,MichaelLee518,0,POLITICAL
blackbox42,MichaelLee518,1,POLITICAL
BigChicken8666,MichaelLee518,1,POLITICAL
Rupperrt,MichaelLee518,2,POLITICAL
longiner,kirby__000,34,OTHER
ytzfLZ,kirby__000,4,OTHER
AutoModerator,kirby__000,2,OTHER
meridian_smith,kirby__000,7,OTHER
kbytzer,kirby__000,1,OTHER
FanZhi01,kirby__000,1,OTHER
3d_extra,ControlCAD,33,OTHER
Ulyks,ControlCAD,30,OTHER
jcr2022,ControlCAD,3,OTHER
DaimonHans,ControlCAD,13,OTHER
ControlCAD,ControlCAD,5,OTHER
peter6uger,ControlCAD,2,OTHER
MasterOfEECS,ControlCAD,4,OTHER
jkatarn,ControlCAD,1,OTHER
AutoModerator,ControlCAD,1,OTHER
jackASS_oIo,ControlCAD,1,OTHER
awake283,ControlCAD,1,OTHER
takeitchillish,ControlCAD,1,OTHER
Biggie8000,ControlCAD,1,OTHER
InsufferableMollusk,ControlCAD,1,OTHER
Substantial_Web_6306,Evidencebasedbro,7,OTHER
Substantial_Web_6306,Evidencebasedbro,5,OTHER
Brookeinn,Evidencebasedbro,3,OTHER
data_cater,Evidencebasedbro,1,OTHER
AutoModerator,Evidencebasedbro,1,OTHER
E-Scooter-CWIS,Ceret,99,OTHER
rmp20002000,Ceret,17,OTHER
Cakehangers,Ceret,10,OTHER
Malsperanza,Ceret,57,OTHER
GwailoMatthew,Ceret,5,OTHER
peter303_,Ceret,4,OTHER
Fit-Squash-9447,Ceret,8,OTHER
19YoJimbo93,Ceret,5,OTHER
eternalmortal,Ceret,16,OTHER
BigChicken8666,Ceret,4,OTHER
AutoModerator,Ceret,2,OTHER
extopico,Ceret,2,OTHER
DrPepper77,Ceret,2,OTHER
Shaglock,Ceret,2,OTHER
CantoniaCustomsII,Ceret,2,OTHER
BuyHigh_S3llLow,Ceret,2,OTHER
TrickData6824,Ceret,2,OTHER
modsaretoddlers,Ceret,4,OTHER
random_agency,Ceret,6,OTHER
Top-Veterinarian-565,Ceret,2,OTHER
tidal_flux,Ceret,2,OTHER
eaglesman217,Ceret,2,OTHER
ItIsEBoi,Ceret,2,OTHER
jameskchou,Ceret,1,OTHER
Biiiiingqiling,Ceret,1,OTHER
LappOfTheIceBarrier,Ceret,1,OTHER
Own-Communication206,Ceret,1,OTHER
Whereishumhum-,Ceret,1,OTHER
Printdatpaper,Ceret,1,OTHER
Agitated-Print-5876,Ceret,1,OTHER
Ktjoonbug,Ceret,1,OTHER
takeSusanooNoMikoto,Ceret,1,OTHER
Resident-Race-3390,Ceret,1,OTHER
curious4786,Ceret,1,OTHER
Virtual-Instance-898,Ceret,1,OTHER
Zealousideal_Taro5,Ceret,1,OTHER
TrippyTheO,Ceret,0,OTHER
212pigeon,Ceret,6,OTHER
noodles1972,Ceret,3,OTHER
NoAd4815,Ceret,0,OTHER
Acehigh7777,Ceret,0,OTHER
Disastrous-Aerie-698,Ceret,0,OTHER
Express_Tackle6042,Ceret,1,OTHER
A-Perfect-Freedom,Ceret,1,OTHER
Ok_Signal4754,Ceret,6,OTHER
hikingbluejae,Ceret,9,OTHER
SorbetShort9191,Ceret,4,OTHER
uelquis,Ceret,7,OTHER
mr-blazer,el_shamank,196,CULTURAL
aronenark,el_shamank,135,CULTURAL
tidal_flux,el_shamank,100,CULTURAL
el_redditor_papucho,el_shamank,135,CULTURAL
Bekah679872,el_shamank,13,CULTURAL
MetroidvaniaListsGuy,el_shamank,28,CULTURAL
BruceWillis1963,el_shamank,14,CULTURAL
Uchi_Jeon,el_shamank,11,CULTURAL
ingusmw,el_shamank,16,CULTURAL
ronaldomike2,el_shamank,9,CULTURAL
Hederanomics,el_shamank,4,CULTURAL
Brookeinn,el_shamank,4,CULTURAL
cMeeber,el_shamank,33,CULTURAL
OpacusVenatori,el_shamank,22,CULTURAL
DblQtrPounda,el_shamank,9,CULTURAL
Historical-Place8997,el_shamank,6,CULTURAL
racesunite,el_shamank,3,CULTURAL
meridian_smith,el_shamank,3,CULTURAL
BuyHigh_S3llLow,el_shamank,3,CULTURAL
LotusinPhoenix,el_shamank,5,CULTURAL
shroud_of_saints,el_shamank,6,CULTURAL
Ok-Seaworthiness4488,el_shamank,7,CULTURAL
Academic_Dealer_177,el_shamank,6,CULTURAL
Ulyks,el_shamank,5,CULTURAL
friedchicken888999,el_shamank,2,CULTURAL
TheTerribleInvestor,el_shamank,2,CULTURAL
ZuhairSh,el_shamank,2,CULTURAL
MaxMillion888,el_shamank,2,CULTURAL
dcmng,el_shamank,2,CULTURAL
MensaCurmudgeon,el_shamank,2,CULTURAL
dannyrat029,el_shamank,2,CULTURAL
talos1279,el_shamank,2,CULTURAL
ftrlvb,el_shamank,2,CULTURAL
Feeling_Tower9384,el_shamank,2,CULTURAL
diagrammatiks,el_shamank,2,CULTURAL
cozy_cardigan,el_shamank,2,CULTURAL
RussoRoma,el_shamank,2,CULTURAL
CrimsonBolt33,el_shamank,8,CULTURAL
HirokoKueh,el_shamank,4,CULTURAL
HeartOfCherub,el_shamank,4,CULTURAL
achangb,el_shamank,4,CULTURAL
TOMdMAK,el_shamank,4,CULTURAL
UsernameNotTakenX,el_shamank,4,CULTURAL
ImmortalsReign,el_shamank,2,CULTURAL
kujahlegend,el_shamank,2,CULTURAL
Double-Hard_Bastard,el_shamank,1,CULTURAL
CoffeeDrinkerMao,el_shamank,1,CULTURAL
egoistmp3,el_shamank,1,CULTURAL
super_fokiu,el_shamank,1,CULTURAL
AwokenQueen64,el_shamank,1,CULTURAL
Nurse_Dolly_4R,el_shamank,1,CULTURAL
Due-Guarantee5019,el_shamank,1,CULTURAL
GuideHour159,el_shamank,1,CULTURAL
sliverdust,el_shamank,1,CULTURAL
r2994,el_shamank,1,CULTURAL
TheChineseVodka,el_shamank,0,CULTURAL
reinekemaximus,el_shamank,1,CULTURAL
Far_Health_3214,el_shamank,1,CULTURAL
Lifestillgood355,el_shamank,1,CULTURAL
Needlemons,el_shamank,1,CULTURAL
Albort,el_shamank,1,CULTURAL
j_aylesbury,el_shamank,1,CULTURAL
petereddit6635,el_shamank,1,CULTURAL
houyx1234,el_shamank,1,CULTURAL
Otherwise-Sun2486,el_shamank,10,CULTURAL
Schumack1,el_shamank,4,CULTURAL
J_zzzzzz,el_shamank,0,CULTURAL
Away-Lynx8702,el_shamank,0,CULTURAL
Comfortable-Bat6739,el_shamank,0,CULTURAL
Turn-Ambitious,el_shamank,0,CULTURAL
EducationalTell9103,el_shamank,0,CULTURAL
Dear-Measurement-907,el_shamank,0,CULTURAL
Flimsy-Donut8718,el_shamank,0,CULTURAL
nousdefions3_7,el_shamank,0,CULTURAL
OppositeAd389,el_shamank,0,CULTURAL
davidicon168,el_shamank,0,CULTURAL
United_skibidi,el_shamank,0,CULTURAL
nosocialisms,el_shamank,0,CULTURAL
wolfofballstreet1,el_shamank,0,CULTURAL
ElectronicChina,el_shamank,0,CULTURAL
daredaki-sama,el_shamank,0,CULTURAL
Silly-Praline2317,el_shamank,0,CULTURAL
Royal-Accountant3408,el_shamank,2,CULTURAL
EternalObi,el_shamank,6,CULTURAL
AutoModerator,el_shamank,1,CULTURAL
WreckitWrecksy,el_shamank,1,CULTURAL
Dolphincharmer,el_shamank,1,CULTURAL
Lazy_Data_7300,el_shamank,1,CULTURAL
Handsome_Warlord,el_shamank,4,CULTURAL
Expensive_Heat_2351,sinfuru_mawile,59,POLITICAL
ivytea,sinfuru_mawile,13,POLITICAL
random20190826,sinfuru_mawile,18,POLITICAL
achangb,sinfuru_mawile,9,POLITICAL
25x54,sinfuru_mawile,2,POLITICAL
CrimsonBolt33,sinfuru_mawile,6,POLITICAL
Own_Worldliness_9297,sinfuru_mawile,1,POLITICAL
sisiwuling,sinfuru_mawile,1,POLITICAL
ThierryHD,sinfuru_mawile,1,POLITICAL
r2d3x9,sinfuru_mawile,1,POLITICAL
daoth90,sinfuru_mawile,1,POLITICAL
bdknight2000,sinfuru_mawile,1,POLITICAL
AutoModerator,ctan_,1,OTHER
sunnybob24,ctan_,37,OTHER
achangb,ctan_,39,OTHER
AutoModerator,ctan_,1,OTHER
Lost_Mango_3404,ctan_,24,OTHER
Dundertrumpen,ctan_,0,OTHER
GetOutOfTheWhey,ctan_,2,OTHER
Disastrous-Aerie-698,ctan_,19,OTHER
Sensitive_Goose_8902,TheTelegraph,47,OTHER
commanche_00,TheTelegraph,19,OTHER
Duck_999,TheTelegraph,12,OTHER
sunnybob24,TheTelegraph,9,OTHER
PotentialValue550,TheTelegraph,4,OTHER
TheTelegraph,TheTelegraph,5,OTHER
alexceltare2,TheTelegraph,2,OTHER
AutoModerator,TheTelegraph,1,OTHER
FibreglassFlags,TheTelegraph,1,OTHER
Synticullous,TheTelegraph,1,OTHER
Dundertrumpen,TheTelegraph,1,OTHER
Humacti,newsweek,3,OTHER
StrongCountry2020,newsweek,2,OTHER
newsweek,newsweek,4,OTHER
AutoModerator,newsweek,1,OTHER
moa_rider,newsweek,1,OTHER
AutoModerator,UsernameNotTakenX,3,POLITICAL
godfather-ww,UsernameNotTakenX,3,POLITICAL
ivytea,UsernameNotTakenX,2,POLITICAL
Malsperanza,UsernameNotTakenX,2,POLITICAL
doesnotlikecricket,UsernameNotTakenX,1,POLITICAL
External_Back5119,UsernameNotTakenX,1,POLITICAL
Wooden-Agency-2653,ChinaTalkOfficial,2,OTHER
WachstuchmEorhtendsa,ChinaTalkOfficial,2,OTHER
kingofjingling,ChinaTalkOfficial,2,OTHER
AutoModerator,ChinaTalkOfficial,1,OTHER
AutoModerator,Strongbow85,1,OTHER
Whereishumhum-,Strongbow85,9,OTHER
JackReedTheSyndie,Strongbow85,5,OTHER
tankarasa,Strongbow85,9,OTHER
cowcowkee,Strongbow85,2,OTHER
meaniesg,Strongbow85,2,OTHER
AutoModerator,Strongbow85,1,OTHER
LaoAhPek,Strongbow85,1,OTHER
IdiotMagnet826,Strongbow85,1,OTHER
Evidencebasedbro,Strongbow85,1,OTHER
CrimsonTightwad,Strongbow85,1,OTHER
ThrustmasterPro,Strongbow85,1,OTHER
tameinatrit,Strongbow85,3,OTHER
andrews_fs,Strongbow85,1,OTHER
Disastrous-Aerie-698,Strongbow85,9,OTHER
smashmanosaure,Mrtvejmozek,6,CULTURAL
kaisong,Mrtvejmozek,3,CULTURAL
dib2,Mrtvejmozek,4,CULTURAL
AutoModerator,Mrtvejmozek,1,CULTURAL
bingchilling-69,Mrtvejmozek,1,CULTURAL
Desperate_Owl_594,Mrtvejmozek,1,CULTURAL
redditkhan0,Mrtvejmozek,1,CULTURAL
nosomogo,maryli05,12,OTHER
achangb,maryli05,2,OTHER
xain1112,Potato_Fish1007,1,CULTURAL
yingzi113,Potato_Fish1007,1,CULTURAL
Neat_Efficiency_5762,Potato_Fish1007,1,CULTURAL
AutoModerator,Right-Influence617,1,OTHER
enersto,Right-Influence617,2,OTHER
AutoModerator,Right-Influence617,1,OTHER
happyanathema,Right-Influence617,1,OTHER
Right-Influence617,Right-Influence617,0,OTHER
DaimonHans,ControlCAD,44,POLITICAL
peathah,ControlCAD,13,POLITICAL
ControlCAD,ControlCAD,7,POLITICAL
TrickData6824,ControlCAD,5,POLITICAL
AutoModerator,ControlCAD,2,POLITICAL
SandyBulmerPoetry,ControlCAD,1,POLITICAL
Ulyks,ControlCAD,1,POLITICAL
KaramAfr0,ControlCAD,5,POLITICAL
Lost_Mango_3404,ControlCAD,14,POLITICAL
WachstuchmEorhtendsa,Killzzone,5,CULTURAL
drumparty12,Killzzone,5,CULTURAL
Any-Veterinarian9312,Killzzone,3,CULTURAL
terrill000,Killzzone,3,CULTURAL
ObviousEconomist,Killzzone,2,CULTURAL
giddeon_voyager,Killzzone,2,CULTURAL
CableAltruistic5483,Killzzone,2,CULTURAL
rofio01,Killzzone,2,CULTURAL
JadePerspective,Killzzone,2,CULTURAL
E-Scooter-CWIS,Killzzone,2,CULTURAL
AdRemarkable3043,Killzzone,2,CULTURAL
rubberStamp2,Killzzone,2,CULTURAL
AutoModerator,Killzzone,1,CULTURAL
Pantalyra,Killzzone,1,CULTURAL
UltimateSkyDweller,Satoru_Phat,2,OTHER
AutoModerator,Satoru_Phat,1,OTHER
bears-eat-beets,Satoru_Phat,1,OTHER
dannyrat029,ravenhawk10,12,OTHER
dumpersts,ravenhawk10,2,OTHER
ravenhawk10,ravenhawk10,3,OTHER
AutoModerator,ravenhawk10,0,OTHER
random_agency,These-Interview3054,26,CULTURAL
LotusinPhoenix,These-Interview3054,6,CULTURAL
SeniorTomatillo7669,These-Interview3054,4,CULTURAL
bszx666,These-Interview3054,3,CULTURAL
retired-at-34,These-Interview3054,2,CULTURAL
AutoModerator,These-Interview3054,1,CULTURAL
QuitNo1454,These-Interview3054,1,CULTURAL
Washfish,These-Interview3054,1,CULTURAL
Accurate-Tie-2144,These-Interview3054,1,CULTURAL
Akalin123,These-Interview3054,1,CULTURAL
NightCapital1782,These-Interview3054,1,CULTURAL
StudyAncient5428,These-Interview3054,1,CULTURAL
Mountain-Director637,These-Interview3054,1,CULTURAL
In-China,These-Interview3054,1,CULTURAL
Worth-Demand-8844,These-Interview3054,1,CULTURAL
McFatty7,McFatty7,30,OTHER
random20190826,McFatty7,41,OTHER
Able-Worldliness8189,McFatty7,14,OTHER
DaimonHans,McFatty7,13,OTHER
heels_n_skirt,McFatty7,7,OTHER
takeitchillish,McFatty7,11,OTHER
AutoModerator,McFatty7,1,OTHER
premierfong,McFatty7,1,OTHER
longiner,McFatty7,9,OTHER
ShanghaiNoon404,McFatty7,0,OTHER
canny-xiehong,McFatty7,22,OTHER
Reasonable-Mine-2912,McFatty7,5,OTHER
GetOutOfTheWhey,ControlCAD,36,OTHER
ControlCAD,ControlCAD,13,OTHER
Drednox,ControlCAD,12,OTHER
Wookieewoo,ControlCAD,12,OTHER
papaya_banana,ControlCAD,19,OTHER
stevedisme,ControlCAD,23,OTHER
AutoModerator,ControlCAD,2,OTHER
HoxHound,ControlCAD,4,OTHER
ClassOf1685,ControlCAD,3,OTHER
Linny911,ControlCAD,3,OTHER
perro_g0rd0,ControlCAD,2,OTHER
Miles23O,ControlCAD,1,OTHER
OverloadedSofa,ControlCAD,1,OTHER
NxPat,ControlCAD,0,OTHER
Anxious_Plum_5818,ControlCAD,0,OTHER
AutoModerator,jasontheninja47,1,CULTURAL
Worth-Demand-8844,jasontheninja47,7,CULTURAL
Turbulent-Artist961,jasontheninja47,2,CULTURAL
DeepCluckingValue,jasontheninja47,2,CULTURAL
AutoModerator,jasontheninja47,1,CULTURAL
Panda_wzwA,jasontheninja47,1,CULTURAL
shagballs,jasontheninja47,1,CULTURAL
weiistone,jasontheninja47,1,CULTURAL
E-Scooter-CWIS,jasontheninja47,1,CULTURAL
Desperate_Ear3743,jasontheninja47,1,CULTURAL
luke_akatsuki,jasontheninja47,0,CULTURAL
BrandeX,leo_9876,1,OTHER
AceTaffy18,leo_9876,1,OTHER
AdRemarkable3043,leo_9876,1,OTHER
euilge,leo_9876,1,OTHER
KF02229,pantocrator210,5,POLITICAL
AutoModerator,pantocrator210,1,POLITICAL
Professional_Dog8680,pantocrator210,1,POLITICAL
Able-Worldliness8189,Complete_Patience244,2,OTHER
AutoModerator,Complete_Patience244,1,OTHER
Careful-Night3371,Complete_Patience244,1,OTHER
random_agency,Complete_Patience244,1,OTHER
E-Scooter-CWIS,Complete_Patience244,1,OTHER
No_Bowler9121,Equivalent-Put-9956,4,POLITICAL
AutoModerator,Equivalent-Put-9956,1,POLITICAL
vorko_76,Equivalent-Put-9956,1,POLITICAL
supertucci,Elani77,38,CULTURAL
mikeindeyang,Elani77,19,CULTURAL
DaimonHans,Elani77,5,CULTURAL
NoSpinach1082,Elani77,3,CULTURAL
Quiet_Remote_5898,Elani77,3,CULTURAL
kevin_chn,Elani77,3,CULTURAL
Disastrous-Aerie-698,Elani77,9,CULTURAL
Dirus,Elani77,2,CULTURAL
Illustrious_Good2053,Elani77,3,CULTURAL
AutoModerator,Elani77,1,CULTURAL
Overall-Language-788,Elani77,1,CULTURAL
GaoLiCai,Elani77,1,CULTURAL
BigIllustrious6565,Elani77,1,CULTURAL
ThroatEducational271,Elani77,1,CULTURAL
tp0c6569,Elani77,1,CULTURAL
WhipMaDickBacknforth,Elani77,1,CULTURAL
ytzfLZ,DataSittingAlone,5,OTHER
hcwang34,DataSittingAlone,2,OTHER
AutoModerator,DataSittingAlone,1,OTHER
E-Scooter-CWIS,DataSittingAlone,0,OTHER
justwalk1234,bloomberg,78,OTHER
OldBallOfRage,bloomberg,37,OTHER
ravenhawk10,bloomberg,32,OTHER
bloomberg,bloomberg,19,OTHER
AverageCalifornian,bloomberg,9,OTHER
MadConky,bloomberg,3,OTHER
AnAnnoyedSpectator,bloomberg,3,OTHER
tannicity,bloomberg,2,OTHER
werchoosingusername,bloomberg,1,OTHER
AutoModerator,bloomberg,1,OTHER
uedison728,bloomberg,1,OTHER
MickatGZ,bloomberg,1,OTHER
Illustrious_Good2053,bloomberg,1,OTHER
kenny32vr,Lolwis,14,OTHER
Awkward_Tower_264,Lolwis,6,OTHER
Character_Finger3585,Lolwis,6,OTHER
phoboid,Lolwis,3,OTHER
Mimysse,Lolwis,2,OTHER
AutoModerator,Lolwis,1,OTHER
tomtao2000,Lolwis,1,OTHER
Letitbesoitgoes,Lolwis,1,OTHER
TheepDinker2000,Lolwis,1,OTHER
lonely_thug_hunter,Lolwis,1,OTHER
boundinshanghai,Lolwis,1,OTHER
redundant_ransomware,Lolwis,1,OTHER
superpimp2g,nomadganker,13,POLITICAL
E-Scooter-CWIS,nomadganker,6,POLITICAL
Lienidus1,nomadganker,3,POLITICAL
Organic_Challenge151,nomadganker,2,POLITICAL
Dundertrumpen,nomadganker,1,POLITICAL
aloudasian,Halfmoonhero,13,POLITICAL
RealityHasArrived89,Halfmoonhero,8,POLITICAL
Hailene2092,Halfmoonhero,15,POLITICAL
longing_tea,Halfmoonhero,11,POLITICAL
a4840639,Halfmoonhero,2,POLITICAL
Halfmoonhero,Halfmoonhero,4,POLITICAL
ShanghaiNoon404,Halfmoonhero,4,POLITICAL
Hessianapproximation,Halfmoonhero,1,POLITICAL
Regular-Painting-677,Halfmoonhero,1,POLITICAL
Lost_Mango_3404,Halfmoonhero,12,POLITICAL
Ahoramaster,Halfmoonhero,7,POLITICAL
leesan177,Halfmoonhero,0,POLITICAL
AutoModerator,-DeafGuy-,1,OTHER
johnyoker2010,-DeafGuy-,20,OTHER
marshallxfogtown,-DeafGuy-,13,OTHER
fuel0n,-DeafGuy-,8,OTHER
Deep-Department-545,-DeafGuy-,3,OTHER
OPhasAIDS,-DeafGuy-,3,OTHER
AutoModerator,-DeafGuy-,2,OTHER
huajiaoyou,ImprovementEmergency,2,OTHER
AutoModerator,ImprovementEmergency,1,OTHER
Appropriate-Role9361,ImprovementEmergency,1,OTHER
GZHotwater,Mono_Jaffa,5,OTHER
StatusJob7947,Mono_Jaffa,3,OTHER
rod88888888,Mono_Jaffa,2,OTHER
ParadoxicalVagrant,Mono_Jaffa,2,OTHER
AutoModerator,Mono_Jaffa,1,OTHER
el_redditor_papucho,Mono_Jaffa,1,OTHER
E-Scooter-CWIS,Mono_Jaffa,1,OTHER
terrill000,Yesusx,3,CULTURAL
E-Scooter-CWIS,Yesusx,2,CULTURAL
stegg88,Yesusx,2,CULTURAL
orkdorkd,Flaky-Capital733,36,OTHER
Old-Royal8984,Flaky-Capital733,93,OTHER
Equivalent_Piano_801,Flaky-Capital733,11,OTHER
meatypinkness,Flaky-Capital733,39,OTHER
Horsemen208,Flaky-Capital733,6,OTHER
Silent_Ad4870,Flaky-Capital733,5,OTHER
Sinocatk,Flaky-Capital733,2,OTHER
DVSMarcus,Flaky-Capital733,2,OTHER
Opposite-Time-1070,Flaky-Capital733,3,OTHER
Mordarto,Flaky-Capital733,1,OTHER
Impressive-Bit6161,Flaky-Capital733,1,OTHER
1m2q6x0s,Flaky-Capital733,1,OTHER
viper29000,Flaky-Capital733,1,OTHER
External_Back5119,Flaky-Capital733,0,OTHER
BabyfartMcGeesax,Flaky-Capital733,0,OTHER
B3herenow,Flaky-Capital733,0,OTHER
mraafh11,Flaky-Capital733,0,OTHER
biggmonk,Flaky-Capital733,0,OTHER
BigChicken8666,Flaky-Capital733,0,OTHER
Flaky-Capital733,Flaky-Capital733,0,OTHER
proxiiiiiiiiii,Flaky-Capital733,0,OTHER
BrianOfBrian,Upstairs_Swan_31,2,CULTURAL
ImpressiveAdvisor803,Upstairs_Swan_31,1,CULTURAL
Metiard70,Upstairs_Swan_31,1,CULTURAL
Upstairs_Swan_31,Upstairs_Swan_31,1,CULTURAL
aloudasian,Organic_Challenge151,17,POLITICAL
Grouchy-Safe-3486,Organic_Challenge151,5,POLITICAL
Lazy_Data_7300,Organic_Challenge151,3,POLITICAL
warfaceisthebest,Organic_Challenge151,3,POLITICAL
Fit-Squash-9447,Organic_Challenge151,2,POLITICAL
matt_si,Organic_Challenge151,2,POLITICAL
SorbetShort9191,Organic_Challenge151,1,POLITICAL
Due-Technology3000,Organic_Challenge151,1,POLITICAL
Royal-Accountant3408,Organic_Challenge151,1,POLITICAL
E-Scooter-CWIS,Organic_Challenge151,1,POLITICAL
Revolutionary_Mix917,Organic_Challenge151,1,POLITICAL
AutoModerator,Organic_Challenge151,0,POLITICAL
Organic_Challenge151,Organic_Challenge151,0,POLITICAL
HotFriendship9552,TasteNo7878,3,CULTURAL
iloveBB_84,TasteNo7878,1,CULTURAL
Pizza-Gamer-7,TasteNo7878,1,CULTURAL
ChinaTalkOfficial,ChinaTalkOfficial,15,OTHER
poopiginabox,ChinaTalkOfficial,5,OTHER
DaoNight23,ChinaTalkOfficial,2,OTHER
AutoModerator,ChinaTalkOfficial,1,OTHER
Fwellimort,NoSpinach1082,9,OTHER
Legitimate_Big_9876,NoSpinach1082,3,OTHER
Able-Worldliness8189,NoSpinach1082,2,OTHER
hcwang34,NoSpinach1082,2,OTHER
CoherentPanda,NoSpinach1082,3,OTHER
E-Scooter-CWIS,NoSpinach1082,5,OTHER
raoxi,NoSpinach1082,2,OTHER
Ornery-Pie-1396,ToeZealousideal8564,5,CULTURAL
ams96314,ToeZealousideal8564,2,CULTURAL
random_agency,ToeZealousideal8564,1,CULTURAL
AntiseptikCN,ToeZealousideal8564,1,CULTURAL
Alusch1,ToeZealousideal8564,1,CULTURAL
JmeplaysVR,ToeZealousideal8564,1,CULTURAL
Mergoliu,ToeZealousideal8564,1,CULTURAL
SeniorTomatillo7669,ToeZealousideal8564,1,CULTURAL
cuoreesitante,FoGBoomer,2,OTHER
huajiaoyou,FoGBoomer,1,OTHER
BKTKC,FoGBoomer,1,OTHER
Mister_Green2021,FoGBoomer,1,OTHER
DaimonHans,Just-4Head-8964,44,CULTURAL
hcwang34,Just-4Head-8964,37,CULTURAL
wolfofballstreet1,Just-4Head-8964,65,CULTURAL
fhfkskxmxnnsd,Just-4Head-8964,9,CULTURAL
Strix2031,Just-4Head-8964,3,CULTURAL
iwanttodrink,Just-4Head-8964,9,CULTURAL
heels_n_skirt,Just-4Head-8964,3,CULTURAL
AutoModerator,Just-4Head-8964,2,CULTURAL
Gundel_Gaukelei,Just-4Head-8964,2,CULTURAL
personwaitinyoimiya,Just-4Head-8964,1,CULTURAL
ThinkIncident2,Just-4Head-8964,1,CULTURAL
Cultivate88,Equivalent_Rise7859,2,OTHER
laoxue,ThePeddlerofHistory,2,OTHER
Yipppppy,ThePeddlerofHistory,1,OTHER
Empty-Nail-5075,ThePeddlerofHistory,1,OTHER
cheeza51percent,cowabungalowvera,146,CULTURAL
SiggyMa2266,cowabungalowvera,83,CULTURAL
gfat-67,cowabungalowvera,24,CULTURAL
Sufficient_Laugh,cowabungalowvera,18,CULTURAL
necropuddi,cowabungalowvera,2,CULTURAL
Royal-Accountant3408,cowabungalowvera,3,CULTURAL
nosomogo,cowabungalowvera,2,CULTURAL
TGiR4,cowabungalowvera,1,CULTURAL
retired-at-34,cowabungalowvera,1,CULTURAL
bozhong,cowabungalowvera,1,CULTURAL
MadConky,cowabungalowvera,1,CULTURAL
shutupshirley,cowabungalowvera,1,CULTURAL
by0515,cowabungalowvera,1,CULTURAL
protonbeam,cowabungalowvera,1,CULTURAL
ams96314,cowabungalowvera,1,CULTURAL
thaiboxing102,cowabungalowvera,1,CULTURAL
Ok-Worth-6822,cowabungalowvera,1,CULTURAL
Puffification,cowabungalowvera,1,CULTURAL
JohnsonbBoe,cowabungalowvera,1,CULTURAL
Ycyyyyyy,cowabungalowvera,1,CULTURAL
SnooDoggos2324,cowabungalowvera,1,CULTURAL
extopico,cowabungalowvera,10,CULTURAL
cowboyography,cowabungalowvera,4,CULTURAL
DueAd1145,cowabungalowvera,14,CULTURAL
AutoModerator,mandz_fortnite,1,OTHER
OverloadedSofa,mandz_fortnite,11,OTHER
FeedMeFish,mandz_fortnite,7,OTHER
Harbulary-Bandit,mandz_fortnite,4,OTHER
mjl777,mandz_fortnite,3,OTHER
AutoModerator,mandz_fortnite,2,OTHER
tidal_flux,mandz_fortnite,2,OTHER
Kharanet,mandz_fortnite,2,OTHER
Strong_Equal_661,mandz_fortnite,1,OTHER
Xhrystal,mandz_fortnite,1,OTHER
GynecologicalSushi,mandz_fortnite,1,OTHER
USAChineseguy,mandz_fortnite,1,OTHER
NoSpinach1082,mandz_fortnite,1,OTHER
212pigeon,mandz_fortnite,1,OTHER
GeronimoSTN,mandz_fortnite,1,OTHER
hasuelcookie,mandz_fortnite,1,OTHER
Far-East-locker,UndeadRedditing,15,OTHER
rum108,UndeadRedditing,5,OTHER
veganelektra1,UndeadRedditing,4,OTHER
Royal-Accountant3408,UndeadRedditing,4,OTHER
JBerry_Mingjai,UndeadRedditing,5,OTHER
phracon,UndeadRedditing,1,OTHER
GuideHour159,UndeadRedditing,1,OTHER
Friendly8Fire,Traditional_Bank1767,510,CULTURAL
Johnnyhiredfff,Traditional_Bank1767,854,CULTURAL
caledonivs,Traditional_Bank1767,462,CULTURAL
archos1gnis,Traditional_Bank1767,264,CULTURAL
agapepaga,Traditional_Bank1767,38,CULTURAL
the_hunger_gainz,Traditional_Bank1767,38,CULTURAL
AssMaster1390,Traditional_Bank1767,29,CULTURAL
Disastrous-Aerie-698,Traditional_Bank1767,51,CULTURAL
Hopfrogg,Traditional_Bank1767,10,CULTURAL
Cream_panzer,Traditional_Bank1767,64,CULTURAL
mikolaj420,Traditional_Bank1767,22,CULTURAL
HungryAddition1,Traditional_Bank1767,19,CULTURAL
syuhoo,Traditional_Bank1767,16,CULTURAL
coocoobees,Traditional_Bank1767,16,CULTURAL
Whammy_Watermelon,Traditional_Bank1767,9,CULTURAL
JBfan88,Traditional_Bank1767,17,CULTURAL
StuckFern,Traditional_Bank1767,67,CULTURAL
Ok_Beyond3964,Traditional_Bank1767,7,CULTURAL
biosketch,Traditional_Bank1767,6,CULTURAL
ThroatEducational271,Traditional_Bank1767,7,CULTURAL
bbdax,Traditional_Bank1767,6,CULTURAL
HotFriendship9552,Traditional_Bank1767,21,CULTURAL
Ongiebungie,Traditional_Bank1767,17,CULTURAL
StatusJob7947,Traditional_Bank1767,3,CULTURAL
Zalieji,Traditional_Bank1767,4,CULTURAL
awake283,Traditional_Bank1767,25,CULTURAL
extopico,Traditional_Bank1767,3,CULTURAL
tentacle_,Traditional_Bank1767,3,CULTURAL
Reasonable-Sweet9320,Traditional_Bank1767,3,CULTURAL
wordwildweb,Traditional_Bank1767,3,CULTURAL
RhombusCat,Traditional_Bank1767,3,CULTURAL
ElephantLoud2850,Traditional_Bank1767,3,CULTURAL
Character-Archer5714,Traditional_Bank1767,3,CULTURAL
JesusThDvl,Traditional_Bank1767,3,CULTURAL
lukuh123,Traditional_Bank1767,7,CULTURAL
jeremiahpaschkewood,Traditional_Bank1767,2,CULTURAL
bernzyman,Traditional_Bank1767,2,CULTURAL
AzrielJohnson,Traditional_Bank1767,2,CULTURAL
lunagirlmagic,Traditional_Bank1767,2,CULTURAL
Maybestof,Traditional_Bank1767,2,CULTURAL
FitLet2786,Traditional_Bank1767,2,CULTURAL
Hanged-Goose,Traditional_Bank1767,2,CULTURAL
wha2les,Traditional_Bank1767,2,CULTURAL
peniz123,Traditional_Bank1767,2,CULTURAL
Sorry_Sort6059,Traditional_Bank1767,2,CULTURAL
Routine-Dot8326,Traditional_Bank1767,2,CULTURAL
Time-Finish-5189,Traditional_Bank1767,2,CULTURAL
Vast_Cricket,Traditional_Bank1767,2,CULTURAL
IDFbombskidsdaily,Traditional_Bank1767,2,CULTURAL
JackJones7788,Traditional_Bank1767,2,CULTURAL
brixton_massive,Traditional_Bank1767,6,CULTURAL
W_4_Vendetta,Traditional_Bank1767,4,CULTURAL
Lim_-,Traditional_Bank1767,4,CULTURAL
Hypnobird,Traditional_Bank1767,2,CULTURAL
lernerzhang123,Traditional_Bank1767,2,CULTURAL
Bearmdusa,Traditional_Bank1767,2,CULTURAL
commanche_00,Traditional_Bank1767,1,CULTURAL
StrictAdvance5497,Traditional_Bank1767,1,CULTURAL
fengxia41103,Traditional_Bank1767,1,CULTURAL
Knocksveal,Traditional_Bank1767,1,CULTURAL
Smallish-0208,Traditional_Bank1767,1,CULTURAL
IncidentHead8129,Traditional_Bank1767,1,CULTURAL
biglarsh,Traditional_Bank1767,1,CULTURAL
shimisi213,Traditional_Bank1767,1,CULTURAL
Vova_Poutine,Traditional_Bank1767,1,CULTURAL
movakk,Traditional_Bank1767,1,CULTURAL
epeterson001,Traditional_Bank1767,1,CULTURAL
ilkikuinthadik,Traditional_Bank1767,1,CULTURAL
Empty-Nail-5075,Traditional_Bank1767,1,CULTURAL
nikatnight,Traditional_Bank1767,1,CULTURAL
btt101,Traditional_Bank1767,1,CULTURAL
gggreddit789,Traditional_Bank1767,1,CULTURAL
lmongefa,Traditional_Bank1767,1,CULTURAL
Wikihover,Traditional_Bank1767,1,CULTURAL
viper29000,Traditional_Bank1767,1,CULTURAL
Background-Ad-1855,Traditional_Bank1767,1,CULTURAL
Objective-Agent5981,Traditional_Bank1767,1,CULTURAL
No_Succotash118,Traditional_Bank1767,1,CULTURAL
DMV2PNW,Traditional_Bank1767,1,CULTURAL
inscrutablemike,Traditional_Bank1767,1,CULTURAL
DJpate604,Traditional_Bank1767,1,CULTURAL
AwarenessNo4986,Traditional_Bank1767,1,CULTURAL
-Riskbreaker-,Traditional_Bank1767,1,CULTURAL
Fickle-Bag-479,Traditional_Bank1767,1,CULTURAL
Firm_Calligrapher_63,Traditional_Bank1767,1,CULTURAL
_China_ThrowAway,Traditional_Bank1767,1,CULTURAL
Mediocre_Fuel7954,Traditional_Bank1767,1,CULTURAL
AwkwardAmphibian9487,Traditional_Bank1767,1,CULTURAL
berjaaan,Traditional_Bank1767,1,CULTURAL
plenty-sunshine1111,Traditional_Bank1767,1,CULTURAL
No_Management3799,Traditional_Bank1767,1,CULTURAL
vishcheung,Traditional_Bank1767,1,CULTURAL
AdDisastrous6356,Traditional_Bank1767,1,CULTURAL
Tomasulu,Traditional_Bank1767,1,CULTURAL
No-Revenue1003,Traditional_Bank1767,1,CULTURAL
BiggusDikkus007,Traditional_Bank1767,1,CULTURAL
lex424,Traditional_Bank1767,1,CULTURAL
BrooklynNeinNein_,Traditional_Bank1767,1,CULTURAL
TrickData6824,Traditional_Bank1767,1,CULTURAL
stonknoob1,Traditional_Bank1767,1,CULTURAL
nycoinguy,Traditional_Bank1767,1,CULTURAL
Inside-Alfalfa4015,Traditional_Bank1767,1,CULTURAL
mb_voyager,Traditional_Bank1767,1,CULTURAL
General_Career6286,Traditional_Bank1767,1,CULTURAL
McXiongMao,Traditional_Bank1767,1,CULTURAL
Fire_Pea,Traditional_Bank1767,1,CULTURAL
Secure_Ship_3407,Traditional_Bank1767,1,CULTURAL
UTFTCOYB_Hibboriot,Traditional_Bank1767,1,CULTURAL
Agile-Technology2125,Traditional_Bank1767,1,CULTURAL
Able_Huckleberry_445,Traditional_Bank1767,1,CULTURAL
DukeOfZork,Traditional_Bank1767,1,CULTURAL
Glum-Caterpillar-400,Traditional_Bank1767,1,CULTURAL
CoCainity,Traditional_Bank1767,1,CULTURAL
DigitalDiogenesAus,Traditional_Bank1767,1,CULTURAL
voyagerdoge,Traditional_Bank1767,1,CULTURAL
BlondBitch91,Traditional_Bank1767,1,CULTURAL
maliceandempathy,Traditional_Bank1767,1,CULTURAL
Biggu5Dicku5,Traditional_Bank1767,1,CULTURAL
Whereishumhum-,Traditional_Bank1767,1,CULTURAL
IntlDogOfMystery,Traditional_Bank1767,1,CULTURAL
AutomaticBoxingBot,Traditional_Bank1767,1,CULTURAL
w1na,Traditional_Bank1767,1,CULTURAL
CryptographerNew4443,Traditional_Bank1767,1,CULTURAL
HopefulPickle6813,Traditional_Bank1767,1,CULTURAL
MyNameIsNotDennis,Traditional_Bank1767,1,CULTURAL
The_MadStork,Traditional_Bank1767,1,CULTURAL
AntiseptikCN,Traditional_Bank1767,1,CULTURAL
AntiseptikCN,Traditional_Bank1767,1,CULTURAL
Harbulary-Bandit,Traditional_Bank1767,1,CULTURAL
Right-Influence617,Traditional_Bank1767,1,CULTURAL
medinadev_com,Traditional_Bank1767,1,CULTURAL
falsemessiah1999,Traditional_Bank1767,1,CULTURAL
bladewidth,Traditional_Bank1767,1,CULTURAL
whyislifesohardei,Traditional_Bank1767,1,CULTURAL
Atmacrush,Traditional_Bank1767,1,CULTURAL
Breloren,Traditional_Bank1767,1,CULTURAL
AerieStrict7747,Traditional_Bank1767,1,CULTURAL
IDkwhattosay99976,Traditional_Bank1767,1,CULTURAL
frayala87,Traditional_Bank1767,1,CULTURAL
MLG_Ethereum,Traditional_Bank1767,1,CULTURAL
Entonboy,Traditional_Bank1767,1,CULTURAL
Mikebruhface,Traditional_Bank1767,1,CULTURAL
maomao05,Traditional_Bank1767,1,CULTURAL
phanxen,Traditional_Bank1767,1,CULTURAL
Bulky_Cry_6997,Traditional_Bank1767,1,CULTURAL
ThinkIncident2,Traditional_Bank1767,1,CULTURAL
JesusVonChrist,Traditional_Bank1767,1,CULTURAL
Xatrixer,Traditional_Bank1767,1,CULTURAL
TRGCHV,Traditional_Bank1767,1,CULTURAL
FoW_Completionist,Traditional_Bank1767,1,CULTURAL
OnionRangerDuck,Traditional_Bank1767,1,CULTURAL
ophnir,Traditional_Bank1767,1,CULTURAL
Any-Veterinarian9312,Traditional_Bank1767,1,CULTURAL
A_Marvelous_Gem,Traditional_Bank1767,1,CULTURAL
Washfish,Traditional_Bank1767,1,CULTURAL
bszx666,Traditional_Bank1767,1,CULTURAL
Personal_Paper_2027,Traditional_Bank1767,1,CULTURAL
iamthatkyle,Traditional_Bank1767,1,CULTURAL
FibreglassFlags,Traditional_Bank1767,1,CULTURAL
candygummyi,Traditional_Bank1767,1,CULTURAL
zhaocaimao,Traditional_Bank1767,1,CULTURAL
CandlelightUnder,Traditional_Bank1767,1,CULTURAL
xoRomaCheena31,Traditional_Bank1767,1,CULTURAL
SundayBlues141723,Traditional_Bank1767,1,CULTURAL
Halfmoonhero,Traditional_Bank1767,1,CULTURAL
itzjoanna,Traditional_Bank1767,1,CULTURAL
BruceWillis1963,Traditional_Bank1767,1,CULTURAL
white__paper,Traditional_Bank1767,1,CULTURAL
Wirrem,Traditional_Bank1767,1,CULTURAL
shawner136,Traditional_Bank1767,1,CULTURAL
jondoe3338,Traditional_Bank1767,1,CULTURAL
tabbyemmm,Traditional_Bank1767,1,CULTURAL
4everdarling,Traditional_Bank1767,1,CULTURAL
Comprehensive_Lead41,Traditional_Bank1767,1,CULTURAL
HistoryGremlin,Traditional_Bank1767,1,CULTURAL
Old-Extension-8869,Traditional_Bank1767,1,CULTURAL
benenen777,Traditional_Bank1767,1,CULTURAL
New_Dirt4983,Traditional_Bank1767,1,CULTURAL
MomaSone,Traditional_Bank1767,1,CULTURAL
segom0,Traditional_Bank1767,1,CULTURAL
MoonMageMiyuki,Traditional_Bank1767,1,CULTURAL
AbkaiEjen2017,Traditional_Bank1767,1,CULTURAL
smu_d,Traditional_Bank1767,1,CULTURAL
ToeZealousideal8564,Traditional_Bank1767,1,CULTURAL
Bluntz_with_Satan,Traditional_Bank1767,1,CULTURAL
jianbinmrg,Traditional_Bank1767,1,CULTURAL
Bid_gick_,Traditional_Bank1767,1,CULTURAL
Latter_Minute_1395,Traditional_Bank1767,1,CULTURAL
JohnsonbBoe,Traditional_Bank1767,1,CULTURAL
jhill9901,Traditional_Bank1767,1,CULTURAL
LeadingResearch,Traditional_Bank1767,1,CULTURAL
Important_Annual_133,Traditional_Bank1767,1,CULTURAL
30yearCurse,Traditional_Bank1767,1,CULTURAL
40plusballer,Traditional_Bank1767,1,CULTURAL
Constant_Cap8389,Traditional_Bank1767,1,CULTURAL
KalesLV,Traditional_Bank1767,1,CULTURAL
SlimJJReaper,Traditional_Bank1767,1,CULTURAL
Rich841,Traditional_Bank1767,1,CULTURAL
Louislee0421,Traditional_Bank1767,1,CULTURAL
Fuzzy-Brush3691,Traditional_Bank1767,1,CULTURAL
Fragrant_Secret6936,Traditional_Bank1767,1,CULTURAL
007smh,Traditional_Bank1767,1,CULTURAL
TheJeffing,Traditional_Bank1767,1,CULTURAL
Potential_Block4598,Traditional_Bank1767,1,CULTURAL
ripbum,Traditional_Bank1767,1,CULTURAL
davster99,Traditional_Bank1767,1,CULTURAL
Honest-Opinion-5771,Traditional_Bank1767,1,CULTURAL
mistyeyesockets,Traditional_Bank1767,1,CULTURAL
Logisticman232,Traditional_Bank1767,1,CULTURAL
mwgor,Traditional_Bank1767,1,CULTURAL
yerdad99,Traditional_Bank1767,0,CULTURAL
sabedo,Traditional_Bank1767,0,CULTURAL
Traditional-Lime9390,Traditional_Bank1767,0,CULTURAL
slykethephoxenix,Traditional_Bank1767,0,CULTURAL
Randomreddituser1o1,Traditional_Bank1767,0,CULTURAL
zuisei,Traditional_Bank1767,0,CULTURAL
Wolffe4321,Traditional_Bank1767,0,CULTURAL
loseniram,Traditional_Bank1767,0,CULTURAL
GreasyCookieBallz,Traditional_Bank1767,0,CULTURAL
expat2016,Traditional_Bank1767,0,CULTURAL
SnooCupcakes4942,Traditional_Bank1767,0,CULTURAL
Marduk112,Traditional_Bank1767,0,CULTURAL
SilentMannam,Traditional_Bank1767,0,CULTURAL
Worth-Demand-8844,Traditional_Bank1767,0,CULTURAL
pandahunter101,Traditional_Bank1767,0,CULTURAL
TriadS-_-,Traditional_Bank1767,0,CULTURAL
Nickolai808,Traditional_Bank1767,0,CULTURAL
UCthrowaway78404,Traditional_Bank1767,0,CULTURAL
StressedSalt,Traditional_Bank1767,0,CULTURAL
travelmore1997,Traditional_Bank1767,0,CULTURAL
Difficult-Big4733,Traditional_Bank1767,0,CULTURAL
THEVAGROWER,Traditional_Bank1767,0,CULTURAL
Let_us_flee,Traditional_Bank1767,0,CULTURAL
tweeeeeeeeeeee,Traditional_Bank1767,0,CULTURAL
inceptionarchitect,Traditional_Bank1767,0,CULTURAL
25x54,Traditional_Bank1767,0,CULTURAL
SophiaHongWan,Traditional_Bank1767,0,CULTURAL
panda1491,Traditional_Bank1767,0,CULTURAL
Hot_Lingonberry8561,Traditional_Bank1767,0,CULTURAL
xeceker,Traditional_Bank1767,0,CULTURAL
Kalenalu,Traditional_Bank1767,0,CULTURAL
I_will_delete_myself,Traditional_Bank1767,0,CULTURAL
poeticskeptic,Traditional_Bank1767,0,CULTURAL
shaghaiex,Traditional_Bank1767,0,CULTURAL
mmskoch,Traditional_Bank1767,1,CULTURAL
dryersockpirate,Traditional_Bank1767,1,CULTURAL
DigitalZelig,Traditional_Bank1767,1,CULTURAL
GaoLiCai,Traditional_Bank1767,1,CULTURAL
complicatedbiscuit,Xenon1898,42,OTHER
AntiseptikCN,Xenon1898,20,OTHER
Xenon1898,Xenon1898,5,OTHER
Jedi_Lazlo,Xenon1898,23,OTHER
HimmiX,Xenon1898,2,OTHER
jackjetjet,Xenon1898,2,OTHER
CosmicBoat,Xenon1898,3,OTHER
uniyk,Xenon1898,4,OTHER
WideElderberry5262,Xenon1898,1,OTHER
Ahoramaster,Xenon1898,12,OTHER
Sensitive_Goose_8902,Real-chocobo,57,POLITICAL
Zoggydarling,Real-chocobo,47,POLITICAL
Real-chocobo,Real-chocobo,36,POLITICAL
ScreechingPizzaCat,Real-chocobo,18,POLITICAL
raxdoh,Real-chocobo,116,POLITICAL
jackjetjet,Real-chocobo,37,POLITICAL
rvlh,Real-chocobo,28,POLITICAL
Real-chocobo,Real-chocobo,17,POLITICAL
A121314151,Real-chocobo,16,POLITICAL
azagoratet,Real-chocobo,31,POLITICAL
majorbomberjack,Real-chocobo,25,POLITICAL
Real-chocobo,Real-chocobo,12,POLITICAL
Real-chocobo,Real-chocobo,12,POLITICAL
vhunon,Real-chocobo,3,POLITICAL
irish-riviera,Real-chocobo,3,POLITICAL
yawadnapupu_,Real-chocobo,3,POLITICAL
YouthHumble4414,Real-chocobo,3,POLITICAL
cozy_cardigan,Real-chocobo,5,POLITICAL
Unrigg3D,Real-chocobo,5,POLITICAL
Lazy_Data_7300,Real-chocobo,11,POLITICAL
sunnybob24,Real-chocobo,7,POLITICAL
iwanttodrink,Real-chocobo,8,POLITICAL
hegginses,Real-chocobo,2,POLITICAL
Hefty_Winner8226,Real-chocobo,2,POLITICAL
Disastrous-Aerie-698,Real-chocobo,2,POLITICAL
princemousey1,Real-chocobo,2,POLITICAL
AntiseptikCN,Real-chocobo,1,POLITICAL
FancyParticular6258,Real-chocobo,1,POLITICAL
Washfish,Real-chocobo,1,POLITICAL
JuggernautSignal1301,Real-chocobo,1,POLITICAL
Galax123456,Real-chocobo,1,POLITICAL
Time-Finish-5189,Real-chocobo,1,POLITICAL
MomaSone,Real-chocobo,1,POLITICAL
corn_person,Real-chocobo,1,POLITICAL
awake283,Real-chocobo,2,POLITICAL
Fragrant_Secret6936,Real-chocobo,1,POLITICAL
Ambitious-Shift-299,Real-chocobo,1,POLITICAL
Several-Advisor5091,Real-chocobo,0,POLITICAL
diagrammatiks,Real-chocobo,0,POLITICAL
andrews_fs,Real-chocobo,2,POLITICAL
sb5550,Real-chocobo,6,POLITICAL
blacklotusY,Real-chocobo,3,POLITICAL
Ok_Jacket_1311,Real-chocobo,1,POLITICAL
Due_Ad_8288,Real-chocobo,4,POLITICAL
NideDaddy,Real-chocobo,1,POLITICAL
Impressive-Bit6161,Real-chocobo,1,POLITICAL
Real-chocobo,Real-chocobo,0,POLITICAL
Fragrant_Bid_8123,Real-chocobo,0,POLITICAL
Professional_Area239,Real-chocobo,6,POLITICAL
Same_Discussion1430,Real-chocobo,2,POLITICAL
Royal-Accountant3408,Real-chocobo,4,POLITICAL
ScreechingPizzaCat,Live_Improvement_542,51,OTHER
Raised_by_Geece,Live_Improvement_542,12,OTHER
no_ccp,Live_Improvement_542,19,OTHER
aritficialstupidity,Live_Improvement_542,4,OTHER
Time-Finish-5189,Live_Improvement_542,2,OTHER
Strong_Equal_661,Live_Improvement_542,2,OTHER
Wooden_Invite6058,Live_Improvement_542,1,OTHER
Wooden_Invite6058,Live_Improvement_542,2,OTHER
achangb,Live_Improvement_542,31,OTHER
nomadganker,zoro472,2,OTHER
MMAX110,zoro472,1,OTHER
AutoModerator,gorudo-,1,POLITICAL
bears-eat-beets,gorudo-,1,POLITICAL
GetOutOfTheWhey,Interesting-Pace7205,8,OTHER
LegoPirateShip,Interesting-Pace7205,3,OTHER
Interesting-Pace7205,Interesting-Pace7205,2,OTHER
GordonNiu,Interesting-Pace7205,1,OTHER
FibreglassFlags,Interesting-Pace7205,1,OTHER
leesan177,CheLeung,35,OTHER
HWTseng,CheLeung,3,OTHER
Leaper229,CheLeung,2,OTHER
ExpiredPotato3f,CheLeung,1,OTHER
EducationalBuyer3078,CheLeung,1,OTHER
phanomenon,SE_to_NW,8,OTHER
ravenhawk10,SE_to_NW,13,OTHER
Far-Assumption1330,SE_to_NW,2,OTHER
ShelterAlone4867,SE_to_NW,1,OTHER
Linny911,SE_to_NW,1,OTHER
googologies,SE_to_NW,1,OTHER
AutoModerator,SE_to_NW,1,OTHER
SandwichOk4242,SE_to_NW,3,OTHER
AutoModerator,mandz_fortnite,1,CULTURAL
klaus-4,mandz_fortnite,2,CULTURAL
AutoModerator,mandz_fortnite,1,CULTURAL
gaoshan,mandz_fortnite,1,CULTURAL
lukelu0520,mandz_fortnite,1,CULTURAL
1900hotdog,mandz_fortnite,1,CULTURAL
East_Construction385,mandz_fortnite,1,CULTURAL
Johnny-infinity,mandz_fortnite,1,CULTURAL
Particular-Sink7141,IronLover64,31,CULTURAL
DaimonHans,IronLover64,11,CULTURAL
Impressive-Bit6161,IronLover64,8,CULTURAL
madokafromjinan,IronLover64,7,CULTURAL
Madhead324,IronLover64,3,CULTURAL
NPVT,IronLover64,3,CULTURAL
E-Scooter-CWIS,IronLover64,1,CULTURAL
hearthebell,IronLover64,1,CULTURAL
kyoby1982,IronLover64,1,CULTURAL
Slu54,IronLover64,1,CULTURAL
Routine-Dot8326,Chaoticam19,1,CULTURAL
Johnnyhiredfff,Chaoticam19,0,CULTURAL
AutoModerator,Satoru_Phat,2,CULTURAL
the314159man,Satoru_Phat,2,CULTURAL
schmaidan,Satoru_Phat,2,CULTURAL
thegmoc,Satoru_Phat,2,CULTURAL
laowailady,Satoru_Phat,1,CULTURAL
A_Marvelous_Gem,Satoru_Phat,1,CULTURAL
malege2bi,really-tired-pianist,19,CULTURAL
BLeafF,really-tired-pianist,6,CULTURAL
Character_Affect_382,really-tired-pianist,4,CULTURAL
Uhhhhhhhhhhhuhhh,really-tired-pianist,4,CULTURAL
yomkippur,really-tired-pianist,7,CULTURAL
rachellanlan,really-tired-pianist,3,CULTURAL
Desperate-Elk-4714,really-tired-pianist,2,CULTURAL
SunnySaigon,really-tired-pianist,2,CULTURAL
hongkongsummer,really-tired-pianist,3,CULTURAL
StudyAncient5428,really-tired-pianist,2,CULTURAL
No-Coach-5442,really-tired-pianist,1,CULTURAL
ActiveProfile689,really-tired-pianist,1,CULTURAL
Hust1erHan,really-tired-pianist,1,CULTURAL
GraphiteSmith,really-tired-pianist,1,CULTURAL
Metiard70,really-tired-pianist,1,CULTURAL
DisastrousAnswer9920,really-tired-pianist,1,CULTURAL
theyearofthedragon0,really-tired-pianist,1,CULTURAL
Rocinante8,really-tired-pianist,1,CULTURAL
Acers2K,really-tired-pianist,1,CULTURAL
Fragrant_Secret6936,really-tired-pianist,1,CULTURAL
FlavivsAntonivs,really-tired-pianist,1,CULTURAL
Sudden-Stop-4044,really-tired-pianist,1,CULTURAL
GroundbreakingEgg592,really-tired-pianist,1,CULTURAL
crypto_chan,really-tired-pianist,1,CULTURAL
TSeral,really-tired-pianist,1,CULTURAL
Hot_Lingonberry8561,really-tired-pianist,1,CULTURAL
CT1107SEV,really-tired-pianist,1,CULTURAL
JohnsonbBoe,really-tired-pianist,1,CULTURAL
moa_rider,really-tired-pianist,4,CULTURAL
GeronimoSTN,AmericanBornWuhaner,3,OTHER
Sensitive_Goose_8902,AmericanBornWuhaner,5,OTHER
Massive-Ad6776,AmericanBornWuhaner,2,OTHER
uelquis,AmericanBornWuhaner,1,OTHER
Cioran_was_right,AmericanBornWuhaner,2,OTHER
Swamivik,jameskchou,53,OTHER
tenzindolma2047,jameskchou,10,OTHER
Disastrous-Aerie-698,jameskchou,11,OTHER
hadrian_afer,jameskchou,5,OTHER
sb5550,jameskchou,4,OTHER
the_sad_socialist,jameskchou,0,OTHER
kathmandogdu,jameskchou,2,OTHER
the_hunger_gainz,jameskchou,0,OTHER
nerdspasm,jameskchou,0,OTHER
p3ep3ep0o,jameskchou,8,OTHER
AutoModerator,DaegonStarkaryen,1,OTHER
Safloria,DaegonStarkaryen,3,OTHER
Ok-Yoghurt7958,DaegonStarkaryen,3,OTHER
AutoModerator,DaegonStarkaryen,1,OTHER
FibreglassFlags,DaegonStarkaryen,1,OTHER
Silly-Praline2317,DaegonStarkaryen,0,OTHER
vorko_76,Agreeable_Visual_597,3,CULTURAL
BingHongCha,Agreeable_Visual_597,2,CULTURAL
Ettttt,Agreeable_Visual_597,1,CULTURAL
werchoosingusername,Agreeable_Visual_597,1,CULTURAL
meridian_smith,newsweek,79,OTHER
TaskTechnical8307,newsweek,3,OTHER
Suecotero,newsweek,6,OTHER
newsweek,newsweek,4,OTHER
iwanttodrink,newsweek,5,OTHER
Johnnyhiredfff,newsweek,1,OTHER
Appropriate_Name_371,newsweek,1,OTHER
DhunGeimhin,newsweek,6,OTHER
Wafflecone3f,newsweek,3,OTHER
Disastrous-Aerie-698,newsweek,7,OTHER
MukdenMan,Beneficial-Top616,84,CULTURAL
Grand-Risk-8577,Beneficial-Top616,23,CULTURAL
filthywaffles,Beneficial-Top616,29,CULTURAL
SaqqaraTheGuy,Beneficial-Top616,16,CULTURAL
xxiii1800,Beneficial-Top616,3,CULTURAL
Routine-Dot8326,Beneficial-Top616,3,CULTURAL
fountiansam,Beneficial-Top616,5,CULTURAL
DeadBloatedGoat,Beneficial-Top616,1,CULTURAL
sparqq,Beneficial-Top616,4,CULTURAL
Sensitive-Pace4610,Beneficial-Top616,1,CULTURAL
Nickolai808,Beneficial-Top616,0,CULTURAL
Griffindance,Beneficial-Top616,0,CULTURAL
RiverTeemo1,Beneficial-Top616,0,CULTURAL
Organic_Challenge151,ControlCAD,10,OTHER
davidicon168,ControlCAD,5,OTHER
ControlCAD,ControlCAD,3,OTHER
Swamivik,ImplementResident0,66,OTHER
Antique-Ad7635,ImplementResident0,5,OTHER
Creative_Struggle_69,ImplementResident0,23,OTHER
Virtual-Instance-898,ImplementResident0,8,OTHER
stc2828,ImplementResident0,5,OTHER
NicholasRFrintz,ImplementResident0,9,OTHER
sb5550,ImplementResident0,4,OTHER
Johnny-infinity,ImplementResident0,5,OTHER
EntertainmentTop1692,ImplementResident0,2,OTHER
WestSoCoast,ImplementResident0,2,OTHER
Hailene2092,ImplementResident0,3,OTHER
Ahoramaster,ImplementResident0,3,OTHER
nezeta,ImplementResident0,3,OTHER
WarFabulous5146,ImplementResident0,4,OTHER
JunkIsMansBestFriend,ImplementResident0,2,OTHER
SunnySaigon,ImplementResident0,2,OTHER
Duanedoberman,ImplementResident0,2,OTHER
meaniesg,ImplementResident0,2,OTHER
SlideAny4997,ImplementResident0,2,OTHER
tshungwee,ImplementResident0,1,OTHER
kenlbear,ImplementResident0,1,OTHER
the_hunger_gainz,ImplementResident0,1,OTHER
peter6uger,ImplementResident0,1,OTHER
Nice-Yak-1936,ImplementResident0,1,OTHER
ThroatEducational271,ImplementResident0,1,OTHER
OxycodoneHCL30mgER,ImplementResident0,1,OTHER
Bman1465,ImplementResident0,1,OTHER
Frequent_Daddy,ImplementResident0,1,OTHER
NecessaryJudgment5,ImplementResident0,0,OTHER
Organic_Challenge151,ImplementResident0,1,OTHER
ravenhawk10,ImplementResident0,0,OTHER
E-Scooter-CWIS,ImplementResident0,0,OTHER
BeefFeast,ImplementResident0,0,OTHER
Occult_Hand,ImplementResident0,8,OTHER
curiousinshanghai,dondeestalaenhe,3,CULTURAL
BrandeX,dondeestalaenhe,3,CULTURAL
Cultivate88,dondeestalaenhe,1,CULTURAL
TheChineseVodka,H_A_K,32,OTHER
Jackmion98,H_A_K,31,OTHER
Feeling_Tower9384,H_A_K,8,OTHER
Immediate-Poet-9371,H_A_K,35,OTHER
Desperate-Hearing-55,H_A_K,4,OTHER
313Jake,H_A_K,2,OTHER
clisto3,H_A_K,1,OTHER
Biggie8000,H_A_K,1,OTHER
viz_tastic,H_A_K,1,OTHER
Several-Advisor5091,H_A_K,41,OTHER
Malsperanza,Xenon1898,7,OTHER
Xenon1898,Xenon1898,2,OTHER
Desperate-Hearing-55,Xenon1898,1,OTHER
AutoModerator,Right-Influence617,1,OTHER
poorsmells,Right-Influence617,62,OTHER
aznkl,Right-Influence617,18,OTHER
narsfweasels,Right-Influence617,39,OTHER
alexceltare2,Right-Influence617,14,OTHER
Stunning_Pen_8332,Right-Influence617,12,OTHER
DaoNight23,Right-Influence617,6,OTHER
truffles76,Right-Influence617,17,OTHER
Ivor_the_1st,Right-Influence617,8,OTHER
BronzeSpoon89,Right-Influence617,4,OTHER
Mister_Green2021,Right-Influence617,2,OTHER
shchemprof,Right-Influence617,2,OTHER
tabbyemmm,Right-Influence617,2,OTHER
ShreddedDadBod,Right-Influence617,1,OTHER
Southern-Distance149,Right-Influence617,1,OTHER
Strong_Associate962,Right-Influence617,1,OTHER
Express_Tackle6042,Right-Influence617,1,OTHER
AutoModerator,Glass-Work-1696,1,OTHER
idontknowhyimhere_,Glass-Work-1696,22,OTHER
dib2,Glass-Work-1696,5,OTHER
Sensitive_Goose_8902,Glass-Work-1696,4,OTHER
MarionBerry-Precure,Glass-Work-1696,4,OTHER
solarcat3311,Glass-Work-1696,3,OTHER
Front_Discount4469,Glass-Work-1696,6,OTHER
HotFriendship9552,Glass-Work-1696,2,OTHER
ennuiacres,Glass-Work-1696,1,OTHER
OreoSpamBurger,Virtual-Bath5050,14,CULTURAL
hugosince1999,Virtual-Bath5050,6,CULTURAL
phanxen,Virtual-Bath5050,3,CULTURAL
sargon3444,Virtual-Bath5050,10,CULTURAL
Several-Advisor5091,Virtual-Bath5050,3,CULTURAL
giddeon_voyager,Virtual-Bath5050,2,CULTURAL
Ill_ccJelly_2333,Virtual-Bath5050,2,CULTURAL
BigIllustrious6565,Virtual-Bath5050,2,CULTURAL
BigIllustrious6565,Virtual-Bath5050,2,CULTURAL
NationalLearner520,Virtual-Bath5050,12,CULTURAL
solarcat3311,TheTelegraph,18,OTHER
leegiovanni,TheTelegraph,14,OTHER
uniyk,TheTelegraph,6,OTHER
Kind-Ad-6099,TheTelegraph,3,OTHER
Raised_by_Geece,TheTelegraph,2,OTHER
karoshikun,TheTelegraph,2,OTHER
DaimonHans,TheTelegraph,1,OTHER
adron,TheTelegraph,1,OTHER
TheTelegraph,TheTelegraph,1,OTHER
mr_wetape,TheTelegraph,1,OTHER
nomadganker,swordofgiant,1,OTHER
MMAX110,swordofgiant,1,OTHER
E-Scooter-CWIS,swordofgiant,0,OTHER
Creative_Struggle_69,ravenhawk10,36,POLITICAL
JBerry_Mingjai,ravenhawk10,5,POLITICAL
ambassador_pineapple,ravenhawk10,8,POLITICAL
cowcowkee,ravenhawk10,1,POLITICAL
Routine-Dot8326,ravenhawk10,1,POLITICAL
AutoModerator,fischman26,1,OTHER
fischman26,fischman26,1,OTHER
Background-Unit-8393,honestpetal,2,OTHER
dannyrat029,honestpetal,3,OTHER
CableAltruistic5483,honestpetal,1,OTHER
Striking-Community28,honestpetal,1,OTHER
Johnnyhiredfff,honestpetal,1,OTHER
E-Scooter-CWIS,honestpetal,0,OTHER
Tango-Down-167,andymetzen,49,OTHER
DaimonHans,andymetzen,36,OTHER
ionetic,andymetzen,16,OTHER
Snoo_64233,andymetzen,3,OTHER
Unlucky_Vegetable576,andymetzen,11,OTHER
monologue_adventure,andymetzen,2,OTHER
kathmandogdu,andymetzen,2,OTHER
Humacti,andymetzen,4,OTHER
CiaphasCain8849,andymetzen,0,OTHER
yanggor1983,andymetzen,6,OTHER
uniyk,Aidenfred,129,POLITICAL
Patient_Duck123,Aidenfred,126,POLITICAL
Dry_Perspective9905,Aidenfred,46,POLITICAL
WhiskedWanderer,Aidenfred,63,POLITICAL
unselective_cosmo,Aidenfred,19,POLITICAL
FSpursy,Aidenfred,17,POLITICAL
rebb_hosar,Aidenfred,6,POLITICAL
qlolpV,Aidenfred,5,POLITICAL
Ettttt,Aidenfred,25,POLITICAL
lukuh123,Aidenfred,14,POLITICAL
Party-Stormer,Aidenfred,8,POLITICAL
raspberrih,Aidenfred,14,POLITICAL
Aidenfred,Aidenfred,15,POLITICAL
Due_Radish8176,Aidenfred,3,POLITICAL
Agitated-Car-8714,Aidenfred,4,POLITICAL
leerisu,Aidenfred,4,POLITICAL
Sill_Dill,Aidenfred,7,POLITICAL
RickestMorty-_-,Aidenfred,2,POLITICAL
ppmaster-6969,Aidenfred,2,POLITICAL
Professional_Dog8680,Aidenfred,2,POLITICAL
EC_Stanton_1848,Aidenfred,2,POLITICAL
harg0w,Aidenfred,3,POLITICAL
Lost_Mango_3404,Aidenfred,8,POLITICAL
Bubbly_Chicken_9714,Aidenfred,3,POLITICAL
Archeur76,Aidenfred,3,POLITICAL
Hungry-Bar-1,Aidenfred,1,POLITICAL
Mellon_Water,Aidenfred,1,POLITICAL
Pusheen_Cat_w_hat,Aidenfred,1,POLITICAL
Silent-Discussion169,Aidenfred,1,POLITICAL
CatScreamsMum,Aidenfred,1,POLITICAL
Own-Friendship-4816,Aidenfred,1,POLITICAL
bugzpodder,Aidenfred,1,POLITICAL
hellengine,Aidenfred,1,POLITICAL
pillkrush,Aidenfred,1,POLITICAL
Proof_Security_9804,Aidenfred,1,POLITICAL
Volodimica,Aidenfred,1,POLITICAL
hd_marketing,Aidenfred,1,POLITICAL
ReginaldJohnston,Aidenfred,2,POLITICAL
sabot00,Aidenfred,16,POLITICAL
ni-hao-r-u,Aidenfred,13,POLITICAL
Whereishumhum-,Aidenfred,30,POLITICAL
Disastrous-Aerie-698,Aidenfred,1,POLITICAL
cuixijun,Aidenfred,13,POLITICAL
what_if_and,Aidenfred,0,POLITICAL
basiceven,Aidenfred,0,POLITICAL
xjpmhxjo,Aidenfred,22,POLITICAL
phanxen,Aidenfred,7,POLITICAL
Ok_Jacket_1311,Aidenfred,3,POLITICAL
CareComprehensive641,Aidenfred,2,POLITICAL
ZaxOnTheBlock,Aidenfred,2,POLITICAL
AutoModerator,TLCM-4412,1,CULTURAL
Snailman12345,TLCM-4412,290,CULTURAL
TonariNoJoetoro,TLCM-4412,76,CULTURAL
awake283,TLCM-4412,85,CULTURAL
papaya_banana,TLCM-4412,75,CULTURAL
Impalmator,TLCM-4412,30,CULTURAL
JunkIsMansBestFriend,TLCM-4412,19,CULTURAL
caledonivs,TLCM-4412,19,CULTURAL
Ltrgman,TLCM-4412,13,CULTURAL
gaoshan,TLCM-4412,27,CULTURAL
czulsk,TLCM-4412,11,CULTURAL
NothingHappenedThere,TLCM-4412,47,CULTURAL
Speeder_mann,TLCM-4412,7,CULTURAL
DMV2PNW,TLCM-4412,8,CULTURAL
GrahamOtter,TLCM-4412,8,CULTURAL
poopiginabox,TLCM-4412,9,CULTURAL
FendaIton,TLCM-4412,6,CULTURAL
Sct_Brn_MVP,TLCM-4412,25,CULTURAL
Lazy_Data_7300,TLCM-4412,6,CULTURAL
tc__22,TLCM-4412,6,CULTURAL
Hide-Outside,TLCM-4412,4,CULTURAL
ButterscotchNo5991,TLCM-4412,9,CULTURAL
Knocksveal,TLCM-4412,5,CULTURAL
xiaopewpew,TLCM-4412,6,CULTURAL
davidicon168,TLCM-4412,7,CULTURAL
EmbarrassedManager65,TLCM-4412,6,CULTURAL
Pretend_Cream1375,TLCM-4412,3,CULTURAL
YokiDokey181,TLCM-4412,3,CULTURAL
Parkrangingstoicbro,TLCM-4412,3,CULTURAL
travelmore1997,TLCM-4412,3,CULTURAL
ScreechingPizzaCat,TLCM-4412,3,CULTURAL
Hailene2092,TLCM-4412,3,CULTURAL
Sarkastik_Wanderer97,TLCM-4412,3,CULTURAL
moa_rider,TLCM-4412,3,CULTURAL
komali_2,TLCM-4412,5,CULTURAL
Double-Hard_Bastard,TLCM-4412,4,CULTURAL
Shootshitout,TLCM-4412,2,CULTURAL
mr-blazer,TLCM-4412,2,CULTURAL
warfaceisthebest,TLCM-4412,2,CULTURAL
MichaelStone987,TLCM-4412,2,CULTURAL
yelo777,TLCM-4412,2,CULTURAL
floydisalegend,TLCM-4412,2,CULTURAL
finnypiz,TLCM-4412,2,CULTURAL
elu9916,TLCM-4412,2,CULTURAL
Menelik750,TLCM-4412,2,CULTURAL
randomwalker2016,TLCM-4412,2,CULTURAL
Constant-Ad6167,TLCM-4412,2,CULTURAL
Grouchy-Safe-3486,TLCM-4412,2,CULTURAL
BurnBabyBurrrn,TLCM-4412,2,CULTURAL
Provocateur00,TLCM-4412,2,CULTURAL
kylethesnail,TLCM-4412,1,CULTURAL
tshungwee,TLCM-4412,1,CULTURAL
beoskowks1,TLCM-4412,1,CULTURAL
BiggusDikkus007,TLCM-4412,1,CULTURAL
panda1491,TLCM-4412,1,CULTURAL
Impressive-Stay-5702,TLCM-4412,1,CULTURAL
ZorroNegro,TLCM-4412,1,CULTURAL
sikingthegreat1,TLCM-4412,1,CULTURAL
Worth_Ad9680,TLCM-4412,1,CULTURAL
Psychological_Age949,TLCM-4412,1,CULTURAL
thedreamswehave,TLCM-4412,1,CULTURAL
swtnsourchkn,TLCM-4412,1,CULTURAL
ylatrain,TLCM-4412,1,CULTURAL
tabbyemmm,TLCM-4412,1,CULTURAL
junktom,TLCM-4412,1,CULTURAL
TrickData6824,TLCM-4412,1,CULTURAL
Disastrous-Aerie-698,TLCM-4412,0,CULTURAL
Cold-Yesterday1175,TLCM-4412,1,CULTURAL
qnxodyd,TLCM-4412,2,CULTURAL
NothingHappenedThere,Parking-Record-4205,6,CULTURAL
Teacher_Mark_Canada,Parking-Record-4205,6,CULTURAL
Johnnyhiredfff,Parking-Record-4205,4,CULTURAL
Hederanomics,Parking-Record-4205,1,CULTURAL
Fragrant_Secret6936,SE_to_NW,3,OTHER
DaVietDoomer114,SE_to_NW,7,OTHER
Hailene2092,SE_to_NW,5,OTHER
Rubytux,SE_to_NW,1,OTHER
Own-Friendship-4816,SE_to_NW,1,OTHER
Lost_Mango_3404,SE_to_NW,12,OTHER
SE_to_NW,SE_to_NW,1,OTHER
AutoModerator,PrestigiousFact7875,1,OTHER
Raised_by_Geece,PrestigiousFact7875,3,OTHER
Y_taper,PrestigiousFact7875,2,OTHER
PrestigiousFact7875,PrestigiousFact7875,0,OTHER
gov12,chammpionn,1,CULTURAL
Accurate_Ad4601,chammpionn,1,CULTURAL
Jesus_Christ_where,chammpionn,1,CULTURAL
AutoModerator,UnPersonalDecision,1,OTHER
Planes_Airbus,UnPersonalDecision,26,OTHER
Several-Advisor5091,UnPersonalDecision,6,OTHER
awowowowo,UnPersonalDecision,7,OTHER
SupremeDing,UnPersonalDecision,2,OTHER
Mellow_rages,UnPersonalDecision,1,OTHER
HotCommission376,UnPersonalDecision,1,OTHER
Joltie,UnPersonalDecision,1,OTHER
Routine-Dot8326,UnPersonalDecision,1,OTHER
Hot_Lingonberry8561,UnPersonalDecision,1,OTHER
Sensitive-Jelly5119,ControlCAD,41,POLITICAL
ControlCAD,ControlCAD,67,POLITICAL
Massivefivehead,ControlCAD,61,POLITICAL
sunnybob24,ControlCAD,29,POLITICAL
Hammakprow,ControlCAD,16,POLITICAL
ComprehensiveBoss815,ControlCAD,7,POLITICAL
Nopengnogain,ControlCAD,4,POLITICAL
Nickolai808,ControlCAD,5,POLITICAL
SnooCompliments9907,ControlCAD,13,POLITICAL
InsufferableMollusk,ControlCAD,16,POLITICAL
Thrills-n-Frills,ControlCAD,3,POLITICAL
invest2018,ControlCAD,3,POLITICAL
Creative_Struggle_69,ControlCAD,5,POLITICAL
nezeta,ControlCAD,2,POLITICAL
DrakeAU,ControlCAD,6,POLITICAL
Tranxio,ControlCAD,1,POLITICAL
Hot-Delay5608,ControlCAD,1,POLITICAL
qnxodyd,ControlCAD,1,POLITICAL
Ok_West_6272,ControlCAD,1,POLITICAL
Virtual_Seaweed7130,ControlCAD,1,POLITICAL
toadx60,ControlCAD,1,POLITICAL
Biggu5Dicku5,ControlCAD,1,POLITICAL
stc2828,ControlCAD,1,POLITICAL
TrickData6824,ControlCAD,1,POLITICAL
NegativeCellist8587,ControlCAD,1,POLITICAL
dannyrat029,ControlCAD,1,POLITICAL
gorillagal91,Realistic-Lie-8031,7,OTHER
AdBusiness5212,Realistic-Lie-8031,9,OTHER
Biggie8000,Realistic-Lie-8031,6,OTHER
uniyk,Realistic-Lie-8031,4,OTHER
FancyParticular6258,Realistic-Lie-8031,2,OTHER
NationalLearner520,SierraSixActual,1,CULTURAL
junktom,SierraSixActual,1,CULTURAL
dripboi-store,SierraSixActual,1,CULTURAL
dripboi-store,SierraSixActual,1,CULTURAL
beijingmanny,SierraSixActual,1,CULTURAL
Specific_Today_9570,SierraSixActual,1,CULTURAL
CT1107SEV,SierraSixActual,1,CULTURAL
bewildered00,SierraSixActual,0,CULTURAL
Deuteronomy93,mandz_fortnite,6,OTHER
E-Scooter-CWIS,mandz_fortnite,5,OTHER
madokafromjinan,mandz_fortnite,2,OTHER
NothingHappenedThere,mandz_fortnite,2,OTHER
DeHarigeTuinkabouter,mandz_fortnite,1,OTHER
PVHK1337,mandz_fortnite,1,OTHER
Amazin8Trade,mandz_fortnite,1,OTHER
ThroatEducational271,mandz_fortnite,1,OTHER
Hargelbargel,hotpan96,4,POLITICAL
lammy82,hotpan96,2,POLITICAL
Jaysanchez311,hotpan96,1,POLITICAL
MikMikYakin,washingtonpost,63,OTHER
washingtonpost,washingtonpost,29,OTHER
ersteliga,washingtonpost,23,OTHER
NPVT,washingtonpost,7,OTHER
assets_coldbrew1992,washingtonpost,26,OTHER
leol1818,washingtonpost,4,OTHER
AwarenessNo4986,washingtonpost,7,OTHER
kryotheory,washingtonpost,7,OTHER
Yichuanxi,washingtonpost,2,OTHER
Worldly-Treat916,washingtonpost,2,OTHER
travellingandcoding,washingtonpost,2,OTHER
SuspiciousStable9649,washingtonpost,2,OTHER
EngineerTheFunk,washingtonpost,5,OTHER
Few_Swim_4577,washingtonpost,1,OTHER
esotericwaffle,washingtonpost,1,OTHER
ApprehensiveRule6283,washingtonpost,1,OTHER
RealityHasArrived89,washingtonpost,1,OTHER
Sp1ormf,washingtonpost,1,OTHER
Linny911,washingtonpost,1,OTHER
MyLoveKara,washingtonpost,1,OTHER
DhunGeimhin,washingtonpost,0,OTHER
commanche_00,washingtonpost,5,OTHER
lonewalker1992,washingtonpost,1,OTHER
FidoMix_Felicia,washingtonpost,1,OTHER
random_agency,washingtonpost,5,OTHER
xeprone1,washingtonpost,0,OTHER
Disastrous-Aerie-698,washingtonpost,10,OTHER
No-Economics-6781,washingtonpost,1,OTHER
AutoModerator,voltshocked,1,CULTURAL
Duck_999,voltshocked,2,CULTURAL
export_basketball,voltshocked,2,CULTURAL
SnadorDracca,voltshocked,1,CULTURAL
Prok-,voltshocked,1,CULTURAL
Desperate_Owl_594,Existing-Software-96,14,POLITICAL
phanomenon,Existing-Software-96,12,POLITICAL
Shrimp_Dumpling_,Existing-Software-96,3,POLITICAL
Legitimate_Big_9876,Existing-Software-96,3,POLITICAL
MickatGZ,Existing-Software-96,3,POLITICAL
lacyboy247,Existing-Software-96,3,POLITICAL
Brilliant_Top1028,Existing-Software-96,1,POLITICAL
JackReedTheSyndie,Existing-Software-96,1,POLITICAL
Lost_Mango_3404,Existing-Software-96,2,POLITICAL
NothingHappenedThere,TopAncient1639,1,CULTURAL
8964covid19,useriscracked,2,CULTURAL
L__C___,useriscracked,1,CULTURAL
LD-Serjiad,useriscracked,1,CULTURAL
xjpmhxjo,useriscracked,1,CULTURAL
GeronimoSTN,useriscracked,1,CULTURAL
cmy28,useriscracked,1,CULTURAL
AutoModerator,potatosmashed,1,CULTURAL
no_ccp,potatosmashed,2,CULTURAL
AcaciaBlue,potatosmashed,2,CULTURAL
ClippTube,potatosmashed,2,CULTURAL
harg0w,potatosmashed,2,CULTURAL
Mellon_Water,potatosmashed,3,CULTURAL
dawhim1,potatosmashed,4,CULTURAL
ingridthesnowman,potatosmashed,2,CULTURAL
cmy28,potatosmashed,1,CULTURAL
Beneficial_Oven3493,potatosmashed,3,CULTURAL
Substantial_Web_6306,potatosmashed,4,CULTURAL
coming_up_in_May,rootsongjc,4,OTHER
Accurate_Soup_7242,rootsongjc,2,OTHER
karoshikun,rootsongjc,1,OTHER
AutoModerator,Economy-Inspector-69,1,POLITICAL
enersto,Economy-Inspector-69,5,POLITICAL
JohnSith,Economy-Inspector-69,11,POLITICAL
Efficient_Editor5850,Economy-Inspector-69,2,POLITICAL
Alkoviak,Economy-Inspector-69,1,POLITICAL
OreoSpamBurger,Economy-Inspector-69,1,POLITICAL
Habeatsibi,Economy-Inspector-69,1,POLITICAL
FancyParticular6258,Economy-Inspector-69,21,POLITICAL
E-Scooter-CWIS,Happyotus,1,OTHER
Friendly8Fire,Happyotus,1,OTHER
Teacher_Mark_Canada,Happyotus,1,OTHER
AutoModerator,whatyasaybud,1,OTHER
iFoegot,whatyasaybud,21,OTHER
Sensitive_Goose_8902,whatyasaybud,7,OTHER
Printdatpaper,whatyasaybud,6,OTHER
PearlyP2020,whatyasaybud,5,OTHER
klaus-4,whatyasaybud,9,OTHER
czulsk,whatyasaybud,3,OTHER
vorko_76,whatyasaybud,6,OTHER
Bor3d-Panda,whatyasaybud,2,OTHER
cammello1234,whatyasaybud,2,OTHER
solarcat3311,whatyasaybud,2,OTHER
AutoModerator,whatyasaybud,1,OTHER
That-Jelly6305,whatyasaybud,1,OTHER
liyabuli,whatyasaybud,1,OTHER
DrPepper77,whatyasaybud,1,OTHER
gavin11223,whatyasaybud,1,OTHER
SCRA1985,whatyasaybud,1,OTHER
Maxitheseus,whatyasaybud,1,OTHER
moa_rider,whatyasaybud,1,OTHER
vivianhtlee,whatyasaybud,1,OTHER
Either-Level-4823,whatyasaybud,1,OTHER
WastrelWink,whatyasaybud,16,OTHER
Ahoramaster,MikMikYakin,6,OTHER
ravenhawk10,MikMikYakin,14,OTHER
Natural_Trash772,MikMikYakin,6,OTHER
Virtual_Seaweed7130,MikMikYakin,2,OTHER
meridian_smith,MikMikYakin,2,OTHER
HarambeTenSei,MikMikYakin,1,OTHER
BigChicken8666,MikMikYakin,1,OTHER
heels_n_skirt,MikMikYakin,8,OTHER
Hot-Tea159,MikMikYakin,11,OTHER
doubGwent,MikMikYakin,5,OTHER
AutoModerator,AmericanBornWuhaner,1,OTHER
Ambitious_Ad9539,AmericanBornWuhaner,3,OTHER
cheeza51percent,AmericanBornWuhaner,1,OTHER
moa_rider,AmericanBornWuhaner,1,OTHER
fury_ke,AmericanBornWuhaner,1,OTHER
E-Scooter-CWIS,Isen2023,3,OTHER
cmy28,Isen2023,1,OTHER
nomadganker,Isen2023,1,OTHER
E-Scooter-CWIS,ubiquitous_anal,2,OTHER
Own_Worldliness_9297,ubiquitous_anal,1,OTHER
NationalLearner520,ubiquitous_anal,1,OTHER
moa_rider,ubiquitous_anal,0,OTHER
E-Scooter-CWIS,Igg1e_Pigg1e,2,CULTURAL
MadScientist-1214,Igg1e_Pigg1e,2,CULTURAL
Chao0919,Igg1e_Pigg1e,1,CULTURAL
nomadganker,Igg1e_Pigg1e,1,CULTURAL
marmakoide,Late_University482,1,CULTURAL
cmy28,Late_University482,1,CULTURAL
nomadganker,Late_University482,1,CULTURAL
E-Scooter-CWIS,AdeptSeaworthiness80,1,POLITICAL
coming_up_in_May,AdeptSeaworthiness80,1,POLITICAL
Teacher_Mark_Canada,AdeptSeaworthiness80,1,POLITICAL
yang_gui_zi,Unknown_Personnel_,106,OTHER
houyx1234,Unknown_Personnel_,20,OTHER
NothingHappenedThere,Unknown_Personnel_,59,OTHER
AstartesFanboy,Unknown_Personnel_,9,OTHER
YTY2003,Unknown_Personnel_,9,OTHER
Specialist-Bid-7410,Unknown_Personnel_,3,OTHER
recursing_noether,Unknown_Personnel_,27,OTHER
joseph_cq,Unknown_Personnel_,4,OTHER
rlyBrusque,Unknown_Personnel_,10,OTHER
NxPat,Unknown_Personnel_,2,OTHER
Schoolquitproducer,Unknown_Personnel_,2,OTHER
DMV2PNW,Unknown_Personnel_,4,OTHER
GroundbreakingEgg592,Unknown_Personnel_,3,OTHER
E-Scooter-CWIS,Unknown_Personnel_,3,OTHER
MikMikYakin,Unknown_Personnel_,1,OTHER
jellyfishbake,Unknown_Personnel_,1,OTHER
halfchemhalfbio,Unknown_Personnel_,2,OTHER
phanxen,Unknown_Personnel_,1,OTHER
dleelimbu,Unknown_Personnel_,7,OTHER
dawhim1,anyastark,2,OTHER
luxibuzhuji,anyastark,1,OTHER
davidicon168,anyastark,1,OTHER
ivytea,anyastark,1,OTHER
sparqq,anyastark,1,OTHER
Gloomy_Breakfast2513,anyastark,1,OTHER
newsweek,newsweek,45,OTHER
random_agency,newsweek,74,OTHER
crewmatt,newsweek,31,OTHER
kullwarrior,newsweek,10,OTHER
Ok-Seaworthiness4488,newsweek,41,OTHER
n0v0cane,newsweek,32,OTHER
Stardog2,newsweek,6,OTHER
noodles1972,newsweek,18,OTHER
Informal_Funeral,newsweek,5,OTHER
Neat_Significance_31,newsweek,3,OTHER
marshallannes123,newsweek,15,OTHER
heels_n_skirt,newsweek,8,OTHER
BasicBroEvan,newsweek,3,OTHER
Background-Rub-3017,newsweek,4,OTHER
Miles23O,newsweek,2,OTHER
warfaceisthebest,newsweek,2,OTHER
Nickolai808,newsweek,1,OTHER
woolcoat,newsweek,1,OTHER
InsufferableMollusk,newsweek,1,OTHER
mistyeyesockets,newsweek,1,OTHER
PrincessKatiKat,newsweek,1,OTHER
Routine-Dot8326,newsweek,1,OTHER
alexgjy,newsweek,1,OTHER
raelianautopsy,newsweek,1,OTHER
Cautious-Roof2881,newsweek,0,OTHER
JacksterTrackster,newsweek,5,OTHER
UsernameNotTakenX,Opening-Computer6882,2,CULTURAL
BugMean7544,Opening-Computer6882,1,CULTURAL
glsantoso11,Opening-Computer6882,1,CULTURAL
Sopheus,Opening-Computer6882,1,CULTURAL
E-Scooter-CWIS,Opening-Computer6882,1,CULTURAL
no_ccp,Opening-Computer6882,1,CULTURAL
Puzzleheaded_Monk242,Opening-Computer6882,0,CULTURAL
AutoModerator,frugalacademic,1,OTHER
Choice_Wish2908,frugalacademic,24,OTHER
ronaldomike2,frugalacademic,15,OTHER
Oscar_Wildes_Dildo,frugalacademic,16,OTHER
sggod89,frugalacademic,27,OTHER
Whereishumhum-,frugalacademic,7,OTHER
PlainTerrain,frugalacademic,6,OTHER
Theoldage2147,frugalacademic,3,OTHER
Wheels2fun,frugalacademic,1,OTHER
Virtual_Seaweed7130,frugalacademic,4,OTHER
Sake-Gin,frugalacademic,2,OTHER
BuckWildBilly,frugalacademic,7,OTHER
BigChicken8666,frugalacademic,10,OTHER
Disastrous-Aerie-698,frugalacademic,13,OTHER
dingjima,Xenon1898,2,OTHER
ironforger52,Xenon1898,2,OTHER
sayitaintpete,hongkongsummer,79,OTHER
_Rhein,hongkongsummer,100,OTHER
Organic_Challenge151,hongkongsummer,25,OTHER
racesunite,hongkongsummer,64,OTHER
Flagrantepiphany,hongkongsummer,21,OTHER
CMDR_Shepard7,hongkongsummer,4,OTHER
hirnfleisch,hongkongsummer,5,OTHER
New_Stomach9492,hongkongsummer,3,OTHER
AmericanBornWuhaner,hongkongsummer,15,OTHER
Serge1122,hongkongsummer,3,OTHER
samehere255,hongkongsummer,3,OTHER
jooookiy,hongkongsummer,3,OTHER
Lazy_Data_7300,hongkongsummer,23,OTHER
lr_420,hongkongsummer,7,OTHER
JeepersGeepers,hongkongsummer,5,OTHER
AutumnAscending,hongkongsummer,4,OTHER
DarthFluttershy_,hongkongsummer,6,OTHER
ThePantsMcFist,hongkongsummer,2,OTHER
Idaho1964,hongkongsummer,2,OTHER
m8remotion,hongkongsummer,2,OTHER
uniedi,hongkongsummer,2,OTHER
Duck_999,hongkongsummer,2,OTHER
Disastrous_Feeling73,hongkongsummer,2,OTHER
falcao9-,hongkongsummer,2,OTHER
Spice_Cadet_,hongkongsummer,2,OTHER
UsernameNotTakenX,hongkongsummer,2,OTHER
IndependentGene382,hongkongsummer,4,OTHER
Big_Letterhead_632,hongkongsummer,5,OTHER
zRywii,hongkongsummer,3,OTHER
HotFriendship9552,hongkongsummer,5,OTHER
Ill-Guide-9920,hongkongsummer,3,OTHER
Calm_Distribution727,hongkongsummer,2,OTHER
lockrc23,hongkongsummer,2,OTHER
pizza-partay,hongkongsummer,2,OTHER
Neat_Significance_31,hongkongsummer,2,OTHER
quiet-map-drawer,hongkongsummer,2,OTHER
CapableSherbert6807,hongkongsummer,2,OTHER
JoeDaddie2U,hongkongsummer,2,OTHER
Yasu-Tomohiro,hongkongsummer,2,OTHER
Jamiquest,hongkongsummer,1,OTHER
Fluffy-Steak-1516,hongkongsummer,1,OTHER
Landsharque,hongkongsummer,1,OTHER
alexgjy,hongkongsummer,1,OTHER
legal_opium,hongkongsummer,1,OTHER
Hot_Lingonberry8561,hongkongsummer,1,OTHER
heels_n_skirt,hongkongsummer,2,OTHER
karthikkr93,hongkongsummer,0,OTHER
GaoLiCai,hongkongsummer,1,OTHER
YouthOfTheNation1,hongkongsummer,1,OTHER
raxdoh,hongkongsummer,2,OTHER
meridian_smith,hongkongsummer,1,OTHER
phdguygreg,hongkongsummer,1,OTHER
Brilliant_Top1028,hongkongsummer,1,OTHER
Legitimate-Life8143,hongkongsummer,1,OTHER
CantaloupeOk2777,hongkongsummer,2,OTHER
yxj8532,hongkongsummer,0,OTHER
Comfortable_Mistake8,hongkongsummer,0,OTHER
noodles1972,hongkongsummer,3,OTHER
KnightOnAPony,hongkongsummer,1,OTHER
Most-Relief-1061,hongkongsummer,1,OTHER
LargeCowLamp,hongkongsummer,1,OTHER
Right_Watercress2191,hongkongsummer,0,OTHER
PC_load_lettr,hongkongsummer,0,OTHER
trapdoorr,hongkongsummer,0,OTHER
TwoCentsOnTour,hongkongsummer,0,OTHER
Fit-Squash-9447,hongkongsummer,1,OTHER
The-OverThinker-23,hongkongsummer,11,OTHER
alexgjy,No_Value_7653,4,OTHER
Whereishumhum-,No_Value_7653,0,OTHER
AutoModerator,E-Scooter-CWIS,1,OTHER
BigOpportunity1391,E-Scooter-CWIS,21,OTHER
No-Lingonberry-2173,E-Scooter-CWIS,16,OTHER
Whereishumhum-,E-Scooter-CWIS,8,OTHER
heels_n_skirt,E-Scooter-CWIS,7,OTHER
meridian_smith,E-Scooter-CWIS,6,OTHER
moa_rider,E-Scooter-CWIS,5,OTHER
solarcat3311,E-Scooter-CWIS,3,OTHER
wennideheisiwa,E-Scooter-CWIS,2,OTHER
kevin_chn,E-Scooter-CWIS,5,OTHER
mister_klik,E-Scooter-CWIS,1,OTHER
Worldly-Treat916,E-Scooter-CWIS,1,OTHER
ilisibisi,E-Scooter-CWIS,1,OTHER
premierfong,E-Scooter-CWIS,6,OTHER
Humacti,some-china-alt,10,OTHER
LowerGiraffe1847,some-china-alt,8,OTHER
ravenhawk10,YaleE360,3,OTHER
External_Back5119,YaleE360,1,OTHER
GroundbreakingEgg592,YaleE360,0,OTHER
harg0w,YaleE360,4,OTHER
iwanttodrink,YaleE360,5,OTHER
eaglesman217,YaleE360,0,OTHER
chimugukuru,AravRAndG,57,OTHER
fedroxx,AravRAndG,22,OTHER
regal_beagle_22,AravRAndG,12,OTHER
SongFeisty8759,AravRAndG,5,OTHER
whitel5177,AravRAndG,4,OTHER
skullofregress,AravRAndG,3,OTHER
dufutur,AravRAndG,1,OTHER
tshungwee,AravRAndG,1,OTHER
BartD_,AravRAndG,1,OTHER
Grouchy-Safe-3486,AravRAndG,1,OTHER
jycreddit,AravRAndG,1,OTHER
neverpost4,AravRAndG,1,OTHER
narsfweasels,AravRAndG,1,OTHER
Ok-Seaworthiness4488,AravRAndG,1,OTHER
glooks369,AravRAndG,1,OTHER
junktom,AravRAndG,2,OTHER
tidal_flux,AravRAndG,3,OTHER
Impressive-Bit6161,AravRAndG,2,OTHER
fattykim,newsweek,33,OTHER
kai_rui,newsweek,11,OTHER
newsweek,newsweek,4,OTHER
heels_n_skirt,newsweek,3,OTHER
nhirayama,newsweek,3,OTHER
Kaito__1412,newsweek,6,OTHER
want-to-say-this,newsweek,2,OTHER
BigChicken8666,newsweek,3,OTHER
lukuh123,newsweek,4,OTHER
TopCamp,newsweek,3,OTHER
ravenhawk10,newsweek,1,OTHER
Ahoramaster,newsweek,8,OTHER
CCPTank,znikk,3,POLITICAL
barefootjesse,znikk,1,POLITICAL
malerihi,znikk,1,POLITICAL
AutoModerator,Bro__pro,1,CULTURAL
zhulinxian,Bro__pro,6,CULTURAL
PerfectDebt1009,Bro__pro,2,CULTURAL
Unit266366666,Bro__pro,1,CULTURAL
Monkeyfeng,Strongbow85,25,OTHER
Diskence209,Strongbow85,20,OTHER
Malsperanza,Strongbow85,5,OTHER
curiousinshanghai,Strongbow85,2,OTHER
heels_n_skirt,Strongbow85,1,OTHER
Danobex,Strongbow85,1,OTHER
Duanedoberman,Own-Jellyfish6706,3,CULTURAL
Angelika_10,Own-Jellyfish6706,4,CULTURAL
E-Scooter-CWIS,Own-Jellyfish6706,2,CULTURAL
HotFriendship9552,Own-Jellyfish6706,1,CULTURAL
CCPTank,Own-Jellyfish6706,1,CULTURAL
AutoModerator,dannyrat029,1,OTHER
ricketycrickett88,dannyrat029,247,OTHER
ScreechingPizzaCat,dannyrat029,201,OTHER
n0goodnameleft,dannyrat029,41,OTHER
DaimonHans,dannyrat029,59,OTHER
harder_said_hodor,dannyrat029,53,OTHER
nezeta,dannyrat029,16,OTHER
RichardtheGingerBoss,dannyrat029,14,OTHER
heels_n_skirt,dannyrat029,10,OTHER
narsfweasels,dannyrat029,13,OTHER
bobby-blobfish,dannyrat029,11,OTHER
Durumbuzafeju,dannyrat029,19,OTHER
-BabysitterDad-,dannyrat029,21,OTHER
imnotyourbaby5,dannyrat029,7,OTHER
DivineMargarita,dannyrat029,6,OTHER
wellofworlds,dannyrat029,7,OTHER
lonewalker1992,dannyrat029,5,OTHER
regal_beagle_22,dannyrat029,4,OTHER
HarambeTenSei,dannyrat029,6,OTHER
dusjanbe,dannyrat029,3,OTHER
Far-Possession5824,dannyrat029,3,OTHER
BigChicken8666,dannyrat029,2,OTHER
SWUR44100,dannyrat029,2,OTHER
tudorgeorgescu,dannyrat029,2,OTHER
iwanttodrink,dannyrat029,2,OTHER
proformax,dannyrat029,2,OTHER
TheAsianOne_wc,dannyrat029,2,OTHER
DarkUnable4375,dannyrat029,2,OTHER
CQscene,dannyrat029,2,OTHER
Chinksta,dannyrat029,4,OTHER
manareas69,dannyrat029,1,OTHER
PlaneResident2035,dannyrat029,1,OTHER
IntlDogOfMystery,dannyrat029,1,OTHER
jackbethimble,dannyrat029,1,OTHER
Memory_Less,dannyrat029,1,OTHER
hongkongsummer,dannyrat029,1,OTHER
Agreeable-Phase-5390,dannyrat029,1,OTHER
OverloadedSofa,dannyrat029,1,OTHER
hermansu,dannyrat029,1,OTHER
FlatAd768,dannyrat029,1,OTHER
hagrid2018,dannyrat029,1,OTHER
Law-of-Poe,dannyrat029,1,OTHER
Several-Advisor5091,dannyrat029,0,OTHER
gametheorista,dannyrat029,1,OTHER
m8remotion,dannyrat029,0,OTHER
Mental-Rip-5553,dannyrat029,8,OTHER
AutoModerator,Barvex,1,OTHER
Altruistic_Total_576,Barvex,11,OTHER
DaimonHans,Barvex,4,OTHER
klaus-4,Barvex,1,OTHER
cmy28,Barvex,1,OTHER
HotFriendship9552,ravenhawk10,35,OTHER
werchoosingusername,ravenhawk10,19,OTHER
Diligent-Floor-156,ravenhawk10,27,OTHER
L_C_SullaFelix,ravenhawk10,50,OTHER
Reasonable-Mine-2912,ravenhawk10,6,OTHER
peathah,ravenhawk10,8,OTHER
ravenhawk10,ravenhawk10,8,OTHER
Lost_Mango_3404,ravenhawk10,4,OTHER
offloaddogsboner,ravenhawk10,5,OTHER
Horsemen208,ravenhawk10,8,OTHER
Thrills-n-Frills,ravenhawk10,2,OTHER
heels_n_skirt,ravenhawk10,3,OTHER
phanny_Ramierez,ravenhawk10,1,OTHER
Linny911,ravenhawk10,1,OTHER
flyinsdog,ravenhawk10,1,OTHER
noodles1972,ravenhawk10,1,OTHER
Pieterstern,ravenhawk10,1,OTHER
Glopatchwork,ravenhawk10,1,OTHER
asnbud01,ravenhawk10,1,OTHER
AutoModerator,jeezyke,1,CULTURAL
meridian_smith,jeezyke,13,CULTURAL
fuddingmuddler,jeezyke,4,CULTURAL
fuddingmuddler,jeezyke,3,CULTURAL
Accurate-Tie-2144,jeezyke,2,CULTURAL
sargon666,jeezyke,1,CULTURAL
AutoModerator,AmericanBornWuhaner,1,OTHER
jilinlii,AmericanBornWuhaner,29,OTHER
DEdwardPossum,AmericanBornWuhaner,36,OTHER
heels_n_skirt,AmericanBornWuhaner,10,OTHER
Sensitive_Goose_8902,AmericanBornWuhaner,5,OTHER
Training_Guide5157,AmericanBornWuhaner,5,OTHER
Forsaken-Juice-6998,AmericanBornWuhaner,2,OTHER
ronaldomike2,AmericanBornWuhaner,1,OTHER
Glopatchwork,AmericanBornWuhaner,1,OTHER
junktom,AmericanBornWuhaner,0,OTHER
achangb,angrykieran,1,OTHER
cmy28,angrykieran,1,OTHER
AcanthocephalaFew765,angrykieran,1,OTHER
Immediate-Poet-9371,ubcstaffer123,45,OTHER
6SIG_TA,ubcstaffer123,8,OTHER
uniyk,ubcstaffer123,0,OTHER
SunnySaigon,ubcstaffer123,2,OTHER
Massivefivehead,ubcstaffer123,0,OTHER
xiaopewpew,ubcstaffer123,2,OTHER
Horsemen208,ubcstaffer123,9,OTHER
ControlCAD,ControlCAD,9,OTHER
meridian_smith,ControlCAD,7,OTHER
ravenhawk10,ControlCAD,0,OTHER
E-Scooter-CWIS,OreoSpamBurger,68,OTHER
justwalk1234,OreoSpamBurger,65,OTHER
Gromchy,OreoSpamBurger,46,OTHER
the_enemy_is_within,OreoSpamBurger,29,OTHER
bobby-blobfish,OreoSpamBurger,15,OTHER
harg0w,OreoSpamBurger,7,OTHER
15142,OreoSpamBurger,3,OTHER
nyanmunchkins,OreoSpamBurger,6,OTHER
15142,OreoSpamBurger,2,OTHER
SnooStrawberries7894,OreoSpamBurger,1,OTHER
iwanttodrink,OreoSpamBurger,1,OTHER
CoherentPanda,OreoSpamBurger,1,OTHER
Educational_Can3720,OreoSpamBurger,1,OTHER
Calm_Distribution727,OreoSpamBurger,1,OTHER
Lazy_Data_7300,OreoSpamBurger,1,OTHER
ivytea,OreoSpamBurger,1,OTHER
AutoModerator,maxbdd,1,OTHER
maxbdd,maxbdd,4,OTHER
Able-Preference7648,maxbdd,2,OTHER
Gromchy,maxbdd,1,OTHER
elvispresley0595,maxbdd,1,OTHER
AutoModerator,ThePeddlerofHistory,1,OTHER
sh1bumi,ThePeddlerofHistory,55,OTHER
harder_said_hodor,ThePeddlerofHistory,41,OTHER
awake283,ThePeddlerofHistory,6,OTHER
Mister_Green2021,ThePeddlerofHistory,18,OTHER
Wise_Industry3953,ThePeddlerofHistory,9,OTHER
Upstairs_Pen_7303,ThePeddlerofHistory,5,OTHER
narsfweasels,ThePeddlerofHistory,3,OTHER
sunsea990109,ThePeddlerofHistory,2,OTHER
Dazzling-Rule-9740,ThePeddlerofHistory,2,OTHER
SHIELD_Agent_47,ThePeddlerofHistory,6,OTHER
Several-Advisor5091,ThePeddlerofHistory,2,OTHER
AUG___,ThePeddlerofHistory,2,OTHER
Grouchy-Safe-3486,ThePeddlerofHistory,1,OTHER
CantaloupeOk2777,ThePeddlerofHistory,1,OTHER
Lokdora,ThePeddlerofHistory,1,OTHER
AmericanBornWuhaner,ThePeddlerofHistory,1,OTHER
Round_Club_4967,ThePeddlerofHistory,1,OTHER
samoan_ninja,ThePeddlerofHistory,1,OTHER
DruPeacock23,ThePeddlerofHistory,1,OTHER
AccomplishedBrain309,ThePeddlerofHistory,1,OTHER
Rude-Series-6905,ThePeddlerofHistory,1,OTHER
MysticKeiko24_Alt,ThePeddlerofHistory,1,OTHER
caribbean_caramel,ThePeddlerofHistory,1,OTHER
I_will_delete_myself,ThePeddlerofHistory,1,OTHER
idletimes1955,ThePeddlerofHistory,1,OTHER
Additional-Pirate425,ThePeddlerofHistory,1,OTHER
Evening_Situation_76,ThePeddlerofHistory,1,OTHER
sunnybob24,ThePeddlerofHistory,1,OTHER
fergusoid,ThePeddlerofHistory,1,OTHER
Worth-Demand-8844,ThePeddlerofHistory,1,OTHER
samoan_ninja,ThePeddlerofHistory,1,OTHER
Angry_Saxon,ThePeddlerofHistory,1,OTHER
Afandur,ThePeddlerofHistory,0,OTHER
m8remotion,ThePeddlerofHistory,2,OTHER
tothemoonandback01,ThePeddlerofHistory,1,OTHER
Natural_Trash772,ThePeddlerofHistory,1,OTHER
jackASS_oIo,ThePeddlerofHistory,0,OTHER
dusjanbe,ThePeddlerofHistory,3,OTHER
heels_n_skirt,ThePeddlerofHistory,2,OTHER
8964covid19,ThePeddlerofHistory,7,OTHER
UnusualBees,AutoModerator,1,OTHER
daoth90,AutoModerator,1,OTHER
Lunar_Rainbow_Pro,AutoModerator,1,OTHER
AutoModerator,Professional_Bread75,1,OTHER
AutoModerator,Professional_Bread75,1,OTHER
walterfalls,Toby_Forrester,2,CULTURAL
AutoModerator,Toby_Forrester,1,CULTURAL
renegade_wolfe,Toby_Forrester,1,CULTURAL
yang_gui_zi,EmberLeighJoy,2,CULTURAL
AutoModerator,EmberLeighJoy,1,CULTURAL
dawhim1,mandz_fortnite,2,OTHER
AutoModerator,mandz_fortnite,1,OTHER
Brookeinn,mandz_fortnite,0,OTHER
xain1112,cooka_da-pasta,1,OTHER
wangbadanny,cooka_da-pasta,1,OTHER
AutoModerator,BrightPurplefin,1,OTHER
AutoModerator,BrightPurplefin,1,OTHER
dallascyclist,BrightPurplefin,1,OTHER
AutoModerator,GovernmentWorking621,1,OTHER
AutoModerator,chereddit,1,OTHER
aloudasian,jjwalchyxs,1,OTHER
fhfkskxmxnnsd,jjwalchyxs,1,OTHER
Deep_Caterpillar_574,JelloFeeling1130,3,CULTURAL
Elegant_Dimension830,JelloFeeling1130,1,CULTURAL
nomadganker,Professional-Sink320,2,OTHER
nomadganker,hyerblade786,1,OTHER
AutoModerator,deathbystools,1,CULTURAL
Technical-Key5066,deathbystools,1,CULTURAL
nomadganker,deathbystools,1,CULTURAL
chimugukuru,EvsRo,2,CULTURAL
southernsovietKGB,HateLowes,1,CULTURAL
nomadganker,vaheqelyan,1,CULTURAL
UncommonPseudonym,EsdrasCaleb,3,CULTURAL
E-Scooter-CWIS,Happyotus,1,CULTURAL
Jolly-Temporary9508,chammpionn,1,CULTURAL
Yamomo1872,Fluffy_Gold_7366,5,OTHER
WastrelWink,Fluffy_Gold_7366,1,OTHER
Forsaken-Review5638,LouDiPhilla,1,CULTURAL
Huedron,zachdev-official,1,OTHER
Johnny-infinity,zachdev-official,1,OTHER
